agent_type,backend_model,root_cause_category,root_cause_name,net_env,scenario_topo_size,session_id,in_tokens,out_tokens,steps,tool_calls,tool_errors,time_taken,llm_judge_relevance_score,llm_judge_correctness_score,llm_judge_efficiency_score,llm_judge_clarity_score,llm_judge_final_outcome_score,llm_judge_overall_score,detection_score,localization_accuracy,localization_precision,localization_recall,localization_f1,rca_accuracy,rca_precision,rca_recall,rca_f1,agent,triple
react,gpt-5,end_host_failure,dns_record_error,ospf_enterprise_dhcp,s,403193015,45777,11085,5,32,0,237.91,3,4,3,5,1,2,1.0,0.0,0.0,0.0,0.0,0.0,0.0,0.0,0.0,ReAct (train),"('dns_record_error', 'ospf_enterprise_dhcp', 's')"
react,gpt-5,end_host_failure,dns_record_error,ospf_enterprise_dhcp,m,403193609,55307,13154,5,35,0,212.27,5,5,4,5,5,5,1.0,1.0,1.0,1.0,1.0,1.0,1.0,1.0,1.0,ReAct (train),"('dns_record_error', 'ospf_enterprise_dhcp', 'm')"
react,gpt-5,end_host_failure,dns_record_error,ospf_enterprise_dhcp,l,403194304,128275,10224,4,16,0,208.84,5,5,4,5,5,5,1.0,1.0,1.0,1.0,1.0,1.0,1.0,1.0,1.0,ReAct (train),"('dns_record_error', 'ospf_enterprise_dhcp', 'l')"
react,gpt-5,end_host_failure,host_crash,ospf_enterprise_dhcp,s,403195101,166337,19491,10,50,1,288.94,5,4,3,2,1,3,-1.0,-1.0,-1.0,-1.0,-1.0,-1.0,-1.0,-1.0,-1.0,ReAct (train),"('host_crash', 'ospf_enterprise_dhcp', 's')"
react,gpt-5,end_host_failure,host_crash,ospf_enterprise_dhcp,m,403195738,49385,15796,5,28,1,200.5,5,5,4,5,5,5,1.0,1.0,1.0,1.0,1.0,1.0,1.0,1.0,1.0,ReAct (train),"('host_crash', 'ospf_enterprise_dhcp', 'm')"
react,gpt-5,end_host_failure,host_crash,ospf_enterprise_dhcp,l,403200437,60729,9274,6,40,1,244.1,5,5,4,5,5,5,1.0,1.0,1.0,1.0,1.0,1.0,1.0,1.0,1.0,ReAct (train),"('host_crash', 'ospf_enterprise_dhcp', 'l')"
react,gpt-5,end_host_failure,host_ip_conflict,ospf_enterprise_dhcp,s,403201826,56744,16581,6,14,0,265.75,5,5,4,5,4,5,1.0,0.5,1.0,0.5,0.6667,1.0,0.3333,1.0,0.5,ReAct (train),"('host_ip_conflict', 'ospf_enterprise_dhcp', 's')"
react,gpt-5,end_host_failure,host_ip_conflict,ospf_enterprise_dhcp,m,403202452,54811,14406,4,28,0,272.28,5,5,4,5,5,5,1.0,0.5,1.0,0.5,0.6667,1.0,0.3333,1.0,0.5,ReAct (train),"('host_ip_conflict', 'ospf_enterprise_dhcp', 'm')"
react,gpt-5,end_host_failure,host_ip_conflict,ospf_enterprise_dhcp,l,403203248,104176,9462,4,15,0,242.24,4,5,4,3,2,3,1.0,0.0,0.0,0.0,0.0,0.0,0.0,0.0,0.0,ReAct (train),"('host_ip_conflict', 'ospf_enterprise_dhcp', 'l')"
react,gpt-5,end_host_failure,host_incorrect_dns,ospf_enterprise_dhcp,s,403205013,142890,21994,7,59,0,401.7,4,5,3,5,1,2,0.0,0.0,0.0,0.0,0.0,0.0,0.0,0.0,0.0,ReAct (train),"('host_incorrect_dns', 'ospf_enterprise_dhcp', 's')"
react,gpt-5,end_host_failure,host_incorrect_dns,ospf_enterprise_dhcp,m,403205849,43075,9924,5,15,0,197.65,4,4,3,5,1,3,1.0,0.0,0.0,0.0,0.0,0.0,0.0,0.0,0.0,ReAct (train),"('host_incorrect_dns', 'ospf_enterprise_dhcp', 'm')"
react,gpt-5,end_host_failure,host_incorrect_dns,ospf_enterprise_dhcp,l,403210527,130279,12515,4,27,0,483.52,4,2,4,5,1,2,1.0,0.0,0.0,0.0,0.0,0.0,0.0,0.0,0.0,ReAct (train),"('host_incorrect_dns', 'ospf_enterprise_dhcp', 'l')"
react,gpt-5,end_host_failure,host_incorrect_gateway,ospf_enterprise_dhcp,s,403211811,103097,24270,9,46,0,640.94,4,4,3,5,1,3,0.0,0.0,0.0,0.0,0.0,0.0,0.0,0.0,0.0,ReAct (train),"('host_incorrect_gateway', 'ospf_enterprise_dhcp', 's')"
react,gpt-5,end_host_failure,host_incorrect_gateway,ospf_enterprise_dhcp,m,403213104,65790,14181,6,36,0,429.46,5,5,4,5,5,5,1.0,1.0,1.0,1.0,1.0,1.0,1.0,1.0,1.0,ReAct (train),"('host_incorrect_gateway', 'ospf_enterprise_dhcp', 'm')"
react,gpt-5,end_host_failure,host_incorrect_gateway,ospf_enterprise_dhcp,l,403214205,141841,10437,5,20,0,331.03,4,2,4,5,1,2,1.0,0.0,0.0,0.0,0.0,0.0,0.0,0.0,0.0,ReAct (train),"('host_incorrect_gateway', 'ospf_enterprise_dhcp', 'l')"
react,gpt-5,end_host_failure,host_incorrect_ip,ospf_enterprise_dhcp,s,403215221,36931,10197,5,24,0,192.46,3,4,3,4,1,2,0.0,0.0,0.0,0.0,0.0,0.0,0.0,0.0,0.0,ReAct (train),"('host_incorrect_ip', 'ospf_enterprise_dhcp', 's')"
react,gpt-5,end_host_failure,host_incorrect_ip,ospf_enterprise_dhcp,m,403215730,22562,6235,3,13,0,130.8,5,5,4,5,5,5,1.0,1.0,1.0,1.0,1.0,1.0,1.0,1.0,1.0,ReAct (train),"('host_incorrect_ip', 'ospf_enterprise_dhcp', 'm')"
react,gpt-5,end_host_failure,host_incorrect_ip,ospf_enterprise_dhcp,l,403220303,104263,12375,3,34,0,250.58,5,5,4,5,5,5,1.0,1.0,1.0,1.0,1.0,1.0,1.0,1.0,1.0,ReAct (train),"('host_incorrect_ip', 'ospf_enterprise_dhcp', 'l')"
react,gpt-5,end_host_failure,host_incorrect_netmask,ospf_enterprise_dhcp,s,406135020,96269,21953,10,36,0,419.09,4,3,4,5,2,3,1.0,0.0,0.0,0.0,0.0,0.0,0.0,0.0,0.0,ReAct (train),"('host_incorrect_netmask', 'ospf_enterprise_dhcp', 's')"
react,gpt-5,end_host_failure,host_incorrect_netmask,ospf_enterprise_dhcp,m,403221413,32065,8039,4,15,0,148.13,5,5,4,5,5,5,1.0,1.0,1.0,1.0,1.0,1.0,1.0,1.0,1.0,ReAct (train),"('host_incorrect_netmask', 'ospf_enterprise_dhcp', 'm')"
react,gpt-5,end_host_failure,host_incorrect_netmask,ospf_enterprise_dhcp,l,403222033,265116,20200,8,48,0,500.0,4,3,3,4,1,2,1.0,0.0,0.0,0.0,0.0,0.0,0.0,0.0,0.0,ReAct (train),"('host_incorrect_netmask', 'ospf_enterprise_dhcp', 'l')"
react,gpt-5,end_host_failure,host_missing_ip,ospf_enterprise_dhcp,s,403223351,24630,10283,4,18,0,225.43,5,5,4,5,5,5,1.0,1.0,1.0,1.0,1.0,0.0,0.0,0.0,0.0,ReAct (train),"('host_missing_ip', 'ospf_enterprise_dhcp', 's')"
react,gpt-5,end_host_failure,host_missing_ip,ospf_enterprise_dhcp,m,403223922,87537,16714,7,28,0,356.91,5,4,4,5,3,4,1.0,1.0,1.0,1.0,1.0,0.0,0.0,0.0,0.0,ReAct (train),"('host_missing_ip', 'ospf_enterprise_dhcp', 'm')"
react,gpt-5,end_host_failure,host_missing_ip,ospf_enterprise_dhcp,l,403224857,104643,7908,4,13,0,289.08,5,5,4,5,5,5,1.0,1.0,1.0,1.0,1.0,0.0,0.0,0.0,0.0,ReAct (train),"('host_missing_ip', 'ospf_enterprise_dhcp', 'l')"
react,gpt-5,link_failure,dhcp_service_down,ospf_enterprise_dhcp,s,403225808,34411,8202,6,17,0,250.54,5,5,4,5,5,5,1.0,1.0,1.0,1.0,1.0,1.0,1.0,1.0,1.0,ReAct (train),"('dhcp_service_down', 'ospf_enterprise_dhcp', 's')"
react,gpt-5,link_failure,dhcp_service_down,ospf_enterprise_dhcp,m,403230419,143309,15986,9,59,0,370.09,5,5,4,5,5,5,1.0,1.0,0.3333,1.0,0.5,1.0,1.0,1.0,1.0,ReAct (train),"('dhcp_service_down', 'ospf_enterprise_dhcp', 'm')"
react,gpt-5,link_failure,dhcp_service_down,ospf_enterprise_dhcp,l,403231427,92643,6183,4,19,0,259.69,5,5,4,5,5,5,1.0,1.0,0.3333,1.0,0.5,1.0,1.0,1.0,1.0,ReAct (train),"('dhcp_service_down', 'ospf_enterprise_dhcp', 'l')"
react,gpt-5,link_failure,dns_service_down,ospf_enterprise_dhcp,s,403232348,69616,19401,8,43,0,318.11,5,5,4,5,5,5,1.0,1.0,1.0,1.0,1.0,1.0,1.0,1.0,1.0,ReAct (train),"('dns_service_down', 'ospf_enterprise_dhcp', 's')"
react,gpt-5,link_failure,dns_service_down,ospf_enterprise_dhcp,m,403233106,73864,10903,6,58,0,218.68,5,5,4,5,5,5,1.0,1.0,1.0,1.0,1.0,1.0,1.0,1.0,1.0,ReAct (train),"('dns_service_down', 'ospf_enterprise_dhcp', 'm')"
react,gpt-5,link_failure,dns_service_down,ospf_enterprise_dhcp,l,403233834,278289,15644,8,35,0,322.12,5,5,4,5,5,5,1.0,1.0,1.0,1.0,1.0,1.0,1.0,1.0,1.0,ReAct (train),"('dns_service_down', 'ospf_enterprise_dhcp', 'l')"
react,gpt-5,link_failure,link_detach,ospf_enterprise_dhcp,s,403234848,37911,10325,5,22,0,144.03,5,3,4,5,3,4,1.0,1.0,0.3333,1.0,0.5,0.0,0.0,0.0,0.0,ReAct (train),"('link_detach', 'ospf_enterprise_dhcp', 's')"
react,gpt-5,link_failure,link_detach,ospf_enterprise_dhcp,m,403235304,20176,6542,3,7,0,111.62,5,5,5,5,5,5,1.0,1.0,1.0,1.0,1.0,1.0,1.0,1.0,1.0,ReAct (train),"('link_detach', 'ospf_enterprise_dhcp', 'm')"
react,gpt-5,link_failure,link_detach,ospf_enterprise_dhcp,l,403235823,147169,9113,5,15,0,190.84,5,5,5,5,5,5,1.0,1.0,1.0,1.0,1.0,1.0,1.0,1.0,1.0,ReAct (train),"('link_detach', 'ospf_enterprise_dhcp', 'l')"
react,gpt-5,link_failure,link_down,ospf_enterprise_dhcp,s,404000609,91395,19302,9,34,0,279.19,5,5,4,5,5,5,1.0,1.0,1.0,1.0,1.0,0.0,0.0,0.0,0.0,ReAct (train),"('link_down', 'ospf_enterprise_dhcp', 's')"
react,gpt-5,link_failure,link_down,ospf_enterprise_dhcp,m,404001241,89904,19046,8,38,0,339.49,4,4,4,5,2,3,1.0,0.0,0.0,0.0,0.0,0.0,0.0,0.0,0.0,ReAct (train),"('link_down', 'ospf_enterprise_dhcp', 'm')"
react,gpt-5,link_failure,link_down,ospf_enterprise_dhcp,l,404002214,434159,34132,9,52,0,719.17,4,2,3,4,1,2,1.0,0.0,0.0,0.0,0.0,0.0,0.0,0.0,0.0,ReAct (train),"('link_down', 'ospf_enterprise_dhcp', 'l')"
react,gpt-5,link_failure,link_flap,ospf_enterprise_dhcp,s,404003844,52161,16587,7,30,0,272.14,5,5,4,5,5,5,1.0,1.0,0.5,1.0,0.6667,1.0,1.0,1.0,1.0,ReAct (train),"('link_flap', 'ospf_enterprise_dhcp', 's')"
react,gpt-5,link_failure,link_flap,ospf_enterprise_dhcp,m,404004508,39340,9153,5,12,0,203.7,5,5,4,5,5,5,1.0,1.0,1.0,1.0,1.0,1.0,1.0,1.0,1.0,ReAct (train),"('link_flap', 'ospf_enterprise_dhcp', 'm')"
react,gpt-5,link_failure,link_flap,ospf_enterprise_dhcp,l,404005219,139103,9722,5,13,0,197.3,5,4,5,5,3,4,1.0,1.0,1.0,1.0,1.0,0.0,0.0,0.0,0.0,ReAct (train),"('link_flap', 'ospf_enterprise_dhcp', 'l')"
react,gpt-5,link_failure,link_fragmentation_disabled,ospf_enterprise_dhcp,s,404010030,63060,16623,7,37,0,236.61,5,5,4,5,2,3,1.0,1.0,1.0,1.0,1.0,0.0,0.0,0.0,0.0,ReAct (train),"('link_fragmentation_disabled', 'ospf_enterprise_dhcp', 's')"
react,gpt-5,link_failure,link_fragmentation_disabled,ospf_enterprise_dhcp,m,404010624,84784,18041,8,26,0,267.63,5,5,4,4,2,4,1.0,1.0,1.0,1.0,1.0,0.0,0.0,0.0,0.0,ReAct (train),"('link_fragmentation_disabled', 'ospf_enterprise_dhcp', 'm')"
react,gpt-5,link_failure,link_fragmentation_disabled,ospf_enterprise_dhcp,l,404011421,176662,14573,6,25,0,342.42,5,5,4,5,3,3,1.0,1.0,1.0,1.0,1.0,0.0,0.0,0.0,0.0,ReAct (train),"('link_fragmentation_disabled', 'ospf_enterprise_dhcp', 'l')"
react,gpt-5,misconfiguration,arp_acl_block,ospf_enterprise_dhcp,s,404012409,104772,21087,10,27,0,318.89,5,4,3,2,1,3,-1.0,-1.0,-1.0,-1.0,-1.0,-1.0,-1.0,-1.0,-1.0,ReAct (train),"('arp_acl_block', 'ospf_enterprise_dhcp', 's')"
react,gpt-5,misconfiguration,arp_acl_block,ospf_enterprise_dhcp,m,404013126,107255,21039,10,22,0,417.07,5,5,3,2,1,2,-1.0,-1.0,-1.0,-1.0,-1.0,-1.0,-1.0,-1.0,-1.0,ReAct (train),"('arp_acl_block', 'ospf_enterprise_dhcp', 'm')"
react,gpt-5,misconfiguration,arp_acl_block,ospf_enterprise_dhcp,l,404014157,337702,23219,10,29,0,498.93,5,5,4,2,1,3,-1.0,-1.0,-1.0,-1.0,-1.0,-1.0,-1.0,-1.0,-1.0,ReAct (train),"('arp_acl_block', 'ospf_enterprise_dhcp', 'l')"
react,gpt-5,misconfiguration,dns_port_blocked,ospf_enterprise_dhcp,s,404015446,94377,17799,8,46,0,411.42,5,5,4,5,5,5,1.0,1.0,1.0,1.0,1.0,1.0,1.0,1.0,1.0,ReAct (train),"('dns_port_blocked', 'ospf_enterprise_dhcp', 's')"
react,gpt-5,misconfiguration,dns_port_blocked,ospf_enterprise_dhcp,m,404020327,192662,15559,9,49,0,337.39,5,5,4,5,5,5,1.0,1.0,1.0,1.0,1.0,1.0,0.3333,1.0,0.5,ReAct (train),"('dns_port_blocked', 'ospf_enterprise_dhcp', 'm')"
react,gpt-5,misconfiguration,dns_port_blocked,ospf_enterprise_dhcp,l,404021233,275486,14229,8,54,0,446.11,5,5,4,5,5,5,1.0,0.0,0.0,0.0,0.0,1.0,1.0,1.0,1.0,ReAct (train),"('dns_port_blocked', 'ospf_enterprise_dhcp', 'l')"
react,gpt-5,misconfiguration,http_acl_block,ospf_enterprise_dhcp,s,404022452,150202,30830,10,62,0,557.41,5,5,4,5,5,5,1.0,1.0,1.0,1.0,1.0,1.0,1.0,1.0,1.0,ReAct (train),"('http_acl_block', 'ospf_enterprise_dhcp', 's')"
react,gpt-5,misconfiguration,http_acl_block,ospf_enterprise_dhcp,m,404023602,110332,26012,10,44,0,441.92,5,5,4,3,1,3,-1.0,-1.0,-1.0,-1.0,-1.0,-1.0,-1.0,-1.0,-1.0,ReAct (train),"('http_acl_block', 'ospf_enterprise_dhcp', 'm')"
react,gpt-5,misconfiguration,http_acl_block,ospf_enterprise_dhcp,l,406140234,354222,22829,10,61,0,601.39,5,5,4,5,5,5,1.0,1.0,0.5,1.0,0.6667,1.0,1.0,1.0,1.0,ReAct (train),"('http_acl_block', 'ospf_enterprise_dhcp', 'l')"
react,gpt-5,misconfiguration,icmp_acl_block,ospf_enterprise_dhcp,s,404025442,71936,13066,9,24,0,271.12,5,5,4,5,5,5,1.0,1.0,1.0,1.0,1.0,1.0,1.0,1.0,1.0,ReAct (train),"('icmp_acl_block', 'ospf_enterprise_dhcp', 's')"
react,gpt-5,misconfiguration,icmp_acl_block,ospf_enterprise_dhcp,m,404030111,37040,10408,3,24,0,211.68,4,3,3,5,1,3,1.0,0.0,0.0,0.0,0.0,0.0,0.0,0.0,0.0,ReAct (train),"('icmp_acl_block', 'ospf_enterprise_dhcp', 'm')"
react,gpt-5,misconfiguration,icmp_acl_block,ospf_enterprise_dhcp,l,404030754,359992,26204,10,62,0,542.58,5,5,4,2,2,4,-1.0,-1.0,-1.0,-1.0,-1.0,-1.0,-1.0,-1.0,-1.0,ReAct (train),"('icmp_acl_block', 'ospf_enterprise_dhcp', 'l')"
react,gpt-5,misconfiguration,ospf_acl_block,ospf_enterprise_dhcp,s,404032200,85102,18193,10,33,0,254.62,5,4,3,2,1,3,-1.0,-1.0,-1.0,-1.0,-1.0,-1.0,-1.0,-1.0,-1.0,ReAct (train),"('ospf_acl_block', 'ospf_enterprise_dhcp', 's')"
react,gpt-5,misconfiguration,ospf_acl_block,ospf_enterprise_dhcp,m,404032809,53817,14194,5,35,0,218.85,5,4,4,4,2,3,1.0,1.0,1.0,1.0,1.0,0.0,0.0,0.0,0.0,ReAct (train),"('ospf_acl_block', 'ospf_enterprise_dhcp', 'm')"
react,gpt-5,misconfiguration,ospf_acl_block,ospf_enterprise_dhcp,l,404033507,328273,31995,9,40,0,509.99,5,4,4,5,2,3,1.0,1.0,0.5,1.0,0.6667,0.0,0.0,0.0,0.0,ReAct (train),"('ospf_acl_block', 'ospf_enterprise_dhcp', 'l')"
react,gpt-5,misconfiguration,dhcp_missing_subnet,ospf_enterprise_dhcp,s,404034808,41691,8559,6,11,0,134.88,5,3,4,4,1,3,1.0,0.0,0.0,0.0,0.0,0.0,0.0,0.0,0.0,ReAct (train),"('dhcp_missing_subnet', 'ospf_enterprise_dhcp', 's')"
react,gpt-5,misconfiguration,dhcp_missing_subnet,ospf_enterprise_dhcp,m,404035236,36117,8239,4,14,0,148.73,5,5,4,5,5,5,1.0,0.5,1.0,0.5,0.6667,1.0,1.0,1.0,1.0,ReAct (train),"('dhcp_missing_subnet', 'ospf_enterprise_dhcp', 'm')"
react,gpt-5,misconfiguration,dhcp_missing_subnet,ospf_enterprise_dhcp,l,404035845,235570,17656,6,38,0,340.67,5,5,4,5,5,5,1.0,0.5,1.0,0.5,0.6667,1.0,1.0,1.0,1.0,ReAct (train),"('dhcp_missing_subnet', 'ospf_enterprise_dhcp', 'l')"
react,gpt-5,misconfiguration,mac_address_conflict,ospf_enterprise_dhcp,s,404040854,39115,14259,6,23,0,244.36,3,4,3,4,1,2,1.0,0.0,0.0,0.0,0.0,0.0,0.0,0.0,0.0,ReAct (train),"('mac_address_conflict', 'ospf_enterprise_dhcp', 's')"
react,gpt-5,misconfiguration,mac_address_conflict,ospf_enterprise_dhcp,m,404041458,71637,14481,7,28,0,261.23,3,2,3,3,1,2,0.0,0.0,0.0,0.0,0.0,0.0,0.0,0.0,0.0,ReAct (train),"('mac_address_conflict', 'ospf_enterprise_dhcp', 'm')"
react,gpt-5,misconfiguration,mac_address_conflict,ospf_enterprise_dhcp,l,404042305,205740,12974,7,15,0,318.86,2,2,3,4,1,2,1.0,0.0,0.0,0.0,0.0,0.0,0.0,0.0,0.0,ReAct (train),"('mac_address_conflict', 'ospf_enterprise_dhcp', 'l')"
react,gpt-5,misconfiguration,ospf_area_misconfiguration,ospf_enterprise_dhcp,s,404043251,97649,20574,10,29,0,373.12,4,5,4,2,1,3,-1.0,-1.0,-1.0,-1.0,-1.0,-1.0,-1.0,-1.0,-1.0,ReAct (train),"('ospf_area_misconfiguration', 'ospf_enterprise_dhcp', 's')"
react,gpt-5,misconfiguration,ospf_area_misconfiguration,ospf_enterprise_dhcp,m,404044105,178757,27372,10,56,0,507.35,5,5,3,2,1,3,-1.0,-1.0,-1.0,-1.0,-1.0,-1.0,-1.0,-1.0,-1.0,ReAct (train),"('ospf_area_misconfiguration', 'ospf_enterprise_dhcp', 'm')"
react,gpt-5,misconfiguration,ospf_area_misconfiguration,ospf_enterprise_dhcp,l,404045256,223783,12735,7,31,0,308.3,3,4,3,4,1,2,0.0,0.0,0.0,0.0,0.0,0.0,0.0,0.0,0.0,ReAct (train),"('ospf_area_misconfiguration', 'ospf_enterprise_dhcp', 'l')"
react,gpt-5,misconfiguration,ospf_neighbor_missing,ospf_enterprise_dhcp,s,404050256,44206,14710,6,27,0,244.88,5,5,4,5,5,5,1.0,1.0,1.0,1.0,1.0,1.0,1.0,1.0,1.0,ReAct (train),"('ospf_neighbor_missing', 'ospf_enterprise_dhcp', 's')"
react,gpt-5,misconfiguration,ospf_neighbor_missing,ospf_enterprise_dhcp,m,404050847,89480,14965,7,45,0,293.68,5,5,4,5,3,4,1.0,1.0,0.25,1.0,0.4,1.0,0.5,1.0,0.6667,ReAct (train),"('ospf_neighbor_missing', 'ospf_enterprise_dhcp', 'm')"
react,gpt-5,misconfiguration,ospf_neighbor_missing,ospf_enterprise_dhcp,l,404051712,198544,15026,6,31,0,303.97,5,5,4,5,5,5,1.0,1.0,1.0,1.0,1.0,0.0,0.0,0.0,0.0,ReAct (train),"('ospf_neighbor_missing', 'ospf_enterprise_dhcp', 'l')"
react,gpt-5,network_node_error,frr_service_down,ospf_enterprise_dhcp,s,404052702,36611,9762,6,16,0,180.49,5,5,5,5,5,5,1.0,1.0,1.0,1.0,1.0,1.0,1.0,1.0,1.0,ReAct (train),"('frr_service_down', 'ospf_enterprise_dhcp', 's')"
react,gpt-5,network_node_error,frr_service_down,ospf_enterprise_dhcp,m,404053154,132127,18250,10,56,0,345.36,5,5,4,5,3,4,1.0,1.0,0.1667,1.0,0.2857,1.0,0.3333,1.0,0.5,ReAct (train),"('frr_service_down', 'ospf_enterprise_dhcp', 'm')"
react,gpt-5,network_node_error,frr_service_down,ospf_enterprise_dhcp,l,404054128,237409,13604,6,36,0,340.31,4,3,3,4,1,2,0.0,0.0,0.0,0.0,0.0,0.0,0.0,0.0,0.0,ReAct (train),"('frr_service_down', 'ospf_enterprise_dhcp', 'l')"
react,gpt-5,network_under_attack,arp_cache_poisoning,ospf_enterprise_dhcp,s,404055141,41947,10725,6,22,0,224.35,3,3,3,4,1,2,1.0,0.0,0.0,0.0,0.0,0.0,0.0,0.0,0.0,ReAct (train),"('arp_cache_poisoning', 'ospf_enterprise_dhcp', 's')"
react,gpt-5,network_under_attack,arp_cache_poisoning,ospf_enterprise_dhcp,m,404055724,60387,14514,6,29,0,289.59,3,3,3,5,1,2,0.0,0.0,0.0,0.0,0.0,0.0,0.0,0.0,0.0,ReAct (train),"('arp_cache_poisoning', 'ospf_enterprise_dhcp', 'm')"
react,gpt-5,network_under_attack,arp_cache_poisoning,ospf_enterprise_dhcp,l,404060550,249284,19416,7,43,0,420.21,2,3,3,4,1,2,1.0,0.0,0.0,0.0,0.0,0.0,0.0,0.0,0.0,ReAct (train),"('arp_cache_poisoning', 'ospf_enterprise_dhcp', 'l')"
react,gpt-5,network_under_attack,dhcp_spoofed_dns,ospf_enterprise_dhcp,s,404061732,37722,9517,5,25,0,192.25,5,5,4,5,5,5,1.0,0.5,1.0,0.5,0.6667,0.0,0.0,0.0,0.0,ReAct (train),"('dhcp_spoofed_dns', 'ospf_enterprise_dhcp', 's')"
react,gpt-5,network_under_attack,dhcp_spoofed_dns,ospf_enterprise_dhcp,m,404062245,51262,9013,5,29,0,195.05,5,5,4,5,2,4,1.0,0.5,1.0,0.5,0.6667,0.0,0.0,0.0,0.0,ReAct (train),"('dhcp_spoofed_dns', 'ospf_enterprise_dhcp', 'm')"
react,gpt-5,network_under_attack,dhcp_spoofed_dns,ospf_enterprise_dhcp,l,404062944,248529,14093,8,28,0,364.9,5,5,4,5,5,5,1.0,0.5,1.0,0.5,0.6667,0.0,0.0,0.0,0.0,ReAct (train),"('dhcp_spoofed_dns', 'ospf_enterprise_dhcp', 'l')"
react,gpt-5,network_under_attack,dhcp_spoofed_gateway,ospf_enterprise_dhcp,s,404064031,47503,9219,7,18,0,188.21,5,5,5,5,5,5,1.0,0.5,1.0,0.5,0.6667,1.0,1.0,1.0,1.0,ReAct (train),"('dhcp_spoofed_gateway', 'ospf_enterprise_dhcp', 's')"
react,gpt-5,network_under_attack,dhcp_spoofed_gateway,ospf_enterprise_dhcp,m,404064557,48931,8983,4,25,0,185.14,5,5,4,5,5,5,1.0,0.5,1.0,0.5,0.6667,0.0,0.0,0.0,0.0,ReAct (train),"('dhcp_spoofed_gateway', 'ospf_enterprise_dhcp', 'm')"
react,gpt-5,network_under_attack,dhcp_spoofed_gateway,ospf_enterprise_dhcp,l,404065242,197613,11374,6,24,0,272.69,5,5,4,5,4,4,1.0,0.5,1.0,0.5,0.6667,1.0,1.0,1.0,1.0,ReAct (train),"('dhcp_spoofed_gateway', 'ospf_enterprise_dhcp', 'l')"
react,gpt-5,network_under_attack,web_dos_attack,ospf_enterprise_dhcp,s,404070157,18693,7163,3,27,0,172.72,5,5,4,5,5,5,1.0,1.0,1.0,1.0,1.0,0.0,0.0,0.0,0.0,ReAct (train),"('web_dos_attack', 'ospf_enterprise_dhcp', 's')"
react,gpt-5,network_under_attack,web_dos_attack,ospf_enterprise_dhcp,m,404070642,48647,11999,5,28,0,263.07,3,4,3,5,1,3,1.0,0.0,0.0,0.0,0.0,0.0,0.0,0.0,0.0,ReAct (train),"('web_dos_attack', 'ospf_enterprise_dhcp', 'm')"
react,gpt-5,network_under_attack,web_dos_attack,ospf_enterprise_dhcp,l,404071448,190930,14168,5,39,0,425.64,4,5,4,4,2,3,1.0,1.0,0.25,1.0,0.4,0.0,0.0,0.0,0.0,ReAct (train),"('web_dos_attack', 'ospf_enterprise_dhcp', 'l')"
react,gpt-5,resource_contention,incast_traffic_network_limitation,ospf_enterprise_dhcp,s,404072648,24350,8433,4,20,0,189.09,5,4,4,5,3,4,1.0,0.0,0.0,0.0,0.0,0.0,0.0,0.0,0.0,ReAct (train),"('incast_traffic_network_limitation', 'ospf_enterprise_dhcp', 's')"
react,gpt-5,resource_contention,incast_traffic_network_limitation,ospf_enterprise_dhcp,m,404073204,95901,16291,8,32,0,311.32,5,5,4,5,2,3,1.0,1.0,1.0,1.0,1.0,0.0,0.0,0.0,0.0,ReAct (train),"('incast_traffic_network_limitation', 'ospf_enterprise_dhcp', 'm')"
react,gpt-5,resource_contention,incast_traffic_network_limitation,ospf_enterprise_dhcp,l,404074102,71389,6529,3,21,0,202.25,5,5,4,5,3,4,1.0,1.0,1.0,1.0,1.0,0.0,0.0,0.0,0.0,ReAct (train),"('incast_traffic_network_limitation', 'ospf_enterprise_dhcp', 'l')"
react,gpt-5,resource_contention,link_bandwidth_throttling,ospf_enterprise_dhcp,s,404074925,60830,15036,7,36,0,340.51,5,5,4,5,5,5,1.0,1.0,1.0,1.0,1.0,1.0,1.0,1.0,1.0,ReAct (train),"('link_bandwidth_throttling', 'ospf_enterprise_dhcp', 's')"
react,gpt-5,resource_contention,link_bandwidth_throttling,ospf_enterprise_dhcp,m,404075706,190325,27011,10,91,0,502.13,4,4,2,1,1,2,-1.0,-1.0,-1.0,-1.0,-1.0,-1.0,-1.0,-1.0,-1.0,ReAct (train),"('link_bandwidth_throttling', 'ospf_enterprise_dhcp', 'm')"
react,gpt-5,resource_contention,link_bandwidth_throttling,ospf_enterprise_dhcp,l,404080941,301936,22503,9,40,0,417.73,3,3,3,4,1,2,0.0,0.0,0.0,0.0,0.0,0.0,0.0,0.0,0.0,ReAct (train),"('link_bandwidth_throttling', 'ospf_enterprise_dhcp', 'l')"
react,gpt-5,resource_contention,link_high_packet_corruption,ospf_enterprise_dhcp,s,404082136,34581,9964,5,22,0,207.72,5,5,4,5,5,5,1.0,1.0,1.0,1.0,1.0,1.0,1.0,1.0,1.0,ReAct (train),"('link_high_packet_corruption', 'ospf_enterprise_dhcp', 's')"
react,gpt-5,resource_contention,link_high_packet_corruption,ospf_enterprise_dhcp,m,404082652,56003,12133,7,14,0,238.06,5,5,4,5,5,5,1.0,1.0,1.0,1.0,1.0,1.0,1.0,1.0,1.0,ReAct (train),"('link_high_packet_corruption', 'ospf_enterprise_dhcp', 'm')"
react,gpt-5,resource_contention,link_high_packet_corruption,ospf_enterprise_dhcp,l,404083425,105396,9308,4,17,0,258.12,5,5,4,5,5,5,1.0,1.0,1.0,1.0,1.0,1.0,1.0,1.0,1.0,ReAct (train),"('link_high_packet_corruption', 'ospf_enterprise_dhcp', 'l')"
react,gpt-5,resource_contention,dns_lookup_latency,ospf_enterprise_dhcp,s,404084334,20086,6962,4,8,0,167.07,5,5,4,5,5,5,1.0,1.0,1.0,1.0,1.0,1.0,1.0,1.0,1.0,ReAct (train),"('dns_lookup_latency', 'ospf_enterprise_dhcp', 's')"
react,gpt-5,resource_contention,dns_lookup_latency,ospf_enterprise_dhcp,m,404084814,66425,11266,5,21,0,267.64,5,5,4,5,5,5,1.0,1.0,1.0,1.0,1.0,1.0,1.0,1.0,1.0,ReAct (train),"('dns_lookup_latency', 'ospf_enterprise_dhcp', 'm')"
react,gpt-5,resource_contention,dns_lookup_latency,ospf_enterprise_dhcp,l,404085612,70412,5169,3,9,0,169.5,5,5,4,5,5,5,1.0,1.0,1.0,1.0,1.0,1.0,1.0,1.0,1.0,ReAct (train),"('dns_lookup_latency', 'ospf_enterprise_dhcp', 'l')"
react,gpt-5,resource_contention,load_balancer_overload,ospf_enterprise_dhcp,s,404090339,83696,15986,7,38,3,356.89,4,3,4,4,1,2,1.0,0.0,0.0,0.0,0.0,0.0,0.0,0.0,0.0,ReAct (train),"('load_balancer_overload', 'ospf_enterprise_dhcp', 's')"
react,gpt-5,resource_contention,load_balancer_overload,ospf_enterprise_dhcp,m,404091131,72181,20093,7,26,0,326.54,4,3,4,4,1,2,0.0,0.0,0.0,0.0,0.0,0.0,0.0,0.0,0.0,ReAct (train),"('load_balancer_overload', 'ospf_enterprise_dhcp', 'm')"
react,gpt-5,resource_contention,load_balancer_overload,ospf_enterprise_dhcp,l,404092021,127038,14033,7,35,1,349.04,4,5,3,5,1,3,0.0,0.0,0.0,0.0,0.0,0.0,0.0,0.0,0.0,ReAct (train),"('load_balancer_overload', 'ospf_enterprise_dhcp', 'l')"
react,gpt-5,resource_contention,receiver_resource_contention,ospf_enterprise_dhcp,s,404093102,26811,9246,4,26,0,167.92,3,4,4,4,1,3,1.0,0.0,0.0,0.0,0.0,0.0,0.0,0.0,0.0,ReAct (train),"('receiver_resource_contention', 'ospf_enterprise_dhcp', 's')"
react,gpt-5,resource_contention,receiver_resource_contention,ospf_enterprise_dhcp,m,404093552,38242,10848,5,27,1,222.15,4,4,3,4,1,2,0.0,0.0,0.0,0.0,0.0,0.0,0.0,0.0,0.0,ReAct (train),"('receiver_resource_contention', 'ospf_enterprise_dhcp', 'm')"
react,gpt-5,resource_contention,receiver_resource_contention,ospf_enterprise_dhcp,l,404094319,160562,22963,10,52,3,490.79,4,4,3,2,1,2,-1.0,-1.0,-1.0,-1.0,-1.0,-1.0,-1.0,-1.0,-1.0,ReAct (train),"('receiver_resource_contention', 'ospf_enterprise_dhcp', 'l')"
react,gpt-5,resource_contention,sender_application_delay,ospf_enterprise_dhcp,s,404095630,38604,9048,5,34,0,242.34,5,5,4,5,5,5,1.0,1.0,1.0,1.0,1.0,1.0,1.0,1.0,1.0,ReAct (train),"('sender_application_delay', 'ospf_enterprise_dhcp', 's')"
react,gpt-5,resource_contention,sender_application_delay,ospf_enterprise_dhcp,m,404100222,106918,17492,7,55,0,409.84,5,5,4,5,5,5,1.0,1.0,1.0,1.0,1.0,1.0,1.0,1.0,1.0,ReAct (train),"('sender_application_delay', 'ospf_enterprise_dhcp', 'm')"
react,gpt-5,resource_contention,sender_application_delay,ospf_enterprise_dhcp,l,404101250,372012,11810,10,24,0,281.72,4,4,3,2,1,2,-1.0,-1.0,-1.0,-1.0,-1.0,-1.0,-1.0,-1.0,-1.0,ReAct (train),"('sender_application_delay', 'ospf_enterprise_dhcp', 'l')"
react,gpt-5,resource_contention,sender_resource_contention,ospf_enterprise_dhcp,s,404102224,90690,30586,10,48,3,512.14,3,4,3,4,1,2,1.0,0.0,0.0,0.0,0.0,0.0,0.0,0.0,0.0,ReAct (train),"('sender_resource_contention', 'ospf_enterprise_dhcp', 's')"
react,gpt-5,resource_contention,sender_resource_contention,ospf_enterprise_dhcp,m,404103256,44102,13676,7,27,3,262.7,5,4,4,5,3,3,1.0,1.0,1.0,1.0,1.0,0.0,0.0,0.0,0.0,ReAct (train),"('sender_resource_contention', 'ospf_enterprise_dhcp', 'm')"
react,gpt-5,resource_contention,sender_resource_contention,ospf_enterprise_dhcp,l,404104110,68644,15556,9,52,1,398.29,4,3,4,4,2,3,1.0,1.0,1.0,1.0,1.0,0.0,0.0,0.0,0.0,ReAct (train),"('sender_resource_contention', 'ospf_enterprise_dhcp', 'l')"
claude-code,claude-sonnet-4-6,end_host_failure,dns_record_error,ospf_enterprise_dhcp,s,404162614,298381,6364,1,28,0,154.03,5,5,4,5,5,5,1.0,1.0,1.0,1.0,1.0,1.0,1.0,1.0,1.0,CC-Baseline (train),"('dns_record_error', 'ospf_enterprise_dhcp', 's')"
claude-code,claude-sonnet-4-6,end_host_failure,dns_record_error,ospf_enterprise_dhcp,m,404163041,190433,3019,1,20,0,82.31,5,5,5,5,5,5,1.0,1.0,1.0,1.0,1.0,1.0,1.0,1.0,1.0,CC-Baseline (train),"('dns_record_error', 'ospf_enterprise_dhcp', 'm')"
claude-code,claude-sonnet-4-6,end_host_failure,dns_record_error,ospf_enterprise_dhcp,l,404163538,358971,4066,1,23,0,149.49,4,4,3,3,1,3,-1.0,-1.0,-1.0,-1.0,-1.0,-1.0,-1.0,-1.0,-1.0,CC-Baseline (train),"('dns_record_error', 'ospf_enterprise_dhcp', 'l')"
claude-code,claude-sonnet-4-6,end_host_failure,host_crash,ospf_enterprise_dhcp,s,404164247,155130,3146,1,26,0,73.93,5,5,4,5,5,5,1.0,1.0,1.0,1.0,1.0,1.0,1.0,1.0,1.0,CC-Baseline (train),"('host_crash', 'ospf_enterprise_dhcp', 's')"
claude-code,claude-sonnet-4-6,end_host_failure,host_crash,ospf_enterprise_dhcp,m,404164558,146682,2790,1,20,0,78.47,5,5,5,5,5,5,1.0,1.0,1.0,1.0,1.0,1.0,1.0,1.0,1.0,CC-Baseline (train),"('host_crash', 'ospf_enterprise_dhcp', 'm')"
claude-code,claude-sonnet-4-6,end_host_failure,host_crash,ospf_enterprise_dhcp,l,404165055,148228,2480,1,18,0,126.86,5,5,5,5,5,5,1.0,1.0,1.0,1.0,1.0,1.0,1.0,1.0,1.0,CC-Baseline (train),"('host_crash', 'ospf_enterprise_dhcp', 'l')"
claude-code,claude-sonnet-4-6,end_host_failure,host_ip_conflict,ospf_enterprise_dhcp,s,404165755,95879,2927,1,7,0,87.76,5,5,4,5,3,4,1.0,0.5,1.0,0.5,0.6667,1.0,1.0,1.0,1.0,CC-Baseline (train),"('host_ip_conflict', 'ospf_enterprise_dhcp', 's')"
claude-code,claude-sonnet-4-6,end_host_failure,host_ip_conflict,ospf_enterprise_dhcp,m,404170116,90715,2572,1,8,0,71.83,5,4,5,5,1,2,1.0,0.5,1.0,0.5,0.6667,0.0,0.0,0.0,0.0,CC-Baseline (train),"('host_ip_conflict', 'ospf_enterprise_dhcp', 'm')"
claude-code,claude-sonnet-4-6,end_host_failure,host_ip_conflict,ospf_enterprise_dhcp,l,404170554,294786,4945,1,19,0,181.96,5,5,4,5,2,3,1.0,0.5,1.0,0.5,0.6667,1.0,1.0,1.0,1.0,CC-Baseline (train),"('host_ip_conflict', 'ospf_enterprise_dhcp', 'l')"
claude-code,claude-sonnet-4-6,end_host_failure,host_incorrect_dns,ospf_enterprise_dhcp,s,404171332,669971,13703,1,87,0,321.28,3,4,3,4,1,2,-1.0,-1.0,-1.0,-1.0,-1.0,-1.0,-1.0,-1.0,-1.0,CC-Baseline (train),"('host_incorrect_dns', 'ospf_enterprise_dhcp', 's')"
claude-code,claude-sonnet-4-6,end_host_failure,host_incorrect_dns,ospf_enterprise_dhcp,m,404213025,391309,12123,1,38,0,243.39,5,4,4,5,1,2,1.0,0.0,0.0,0.0,0.0,0.0,0.0,0.0,0.0,CC-Baseline (train),"('host_incorrect_dns', 'ospf_enterprise_dhcp', 'm')"
claude-code,claude-sonnet-4-6,end_host_failure,host_incorrect_dns,ospf_enterprise_dhcp,l,404213755,368120,5368,1,33,0,193.6,4,4,2,4,1,3,-1.0,-1.0,-1.0,-1.0,-1.0,-1.0,-1.0,-1.0,-1.0,CC-Baseline (train),"('host_incorrect_dns', 'ospf_enterprise_dhcp', 'l')"
claude-code,claude-sonnet-4-6,end_host_failure,host_incorrect_gateway,ospf_enterprise_dhcp,s,404214538,556258,15814,1,39,0,345.52,5,4,4,5,1,3,-1.0,-1.0,-1.0,-1.0,-1.0,-1.0,-1.0,-1.0,-1.0,CC-Baseline (train),"('host_incorrect_gateway', 'ospf_enterprise_dhcp', 's')"
claude-code,claude-sonnet-4-6,end_host_failure,host_incorrect_gateway,ospf_enterprise_dhcp,m,404215314,522580,13811,1,32,0,280.33,5,5,4,5,5,5,1.0,1.0,1.0,1.0,1.0,1.0,1.0,1.0,1.0,CC-Baseline (train),"('host_incorrect_gateway', 'ospf_enterprise_dhcp', 'm')"
claude-code,claude-sonnet-4-6,end_host_failure,host_incorrect_gateway,ospf_enterprise_dhcp,l,404220118,568072,13911,1,54,0,425.4,5,5,4,5,1,4,-1.0,-1.0,-1.0,-1.0,-1.0,-1.0,-1.0,-1.0,-1.0,CC-Baseline (train),"('host_incorrect_gateway', 'ospf_enterprise_dhcp', 'l')"
claude-code,claude-sonnet-4-6,end_host_failure,host_incorrect_ip,ospf_enterprise_dhcp,s,404221307,247391,11560,1,24,0,225.56,5,5,5,5,5,5,1.0,1.0,1.0,1.0,1.0,1.0,1.0,1.0,1.0,CC-Baseline (train),"('host_incorrect_ip', 'ospf_enterprise_dhcp', 's')"
claude-code,claude-sonnet-4-6,end_host_failure,host_incorrect_ip,ospf_enterprise_dhcp,m,404221834,495519,24039,1,32,0,437.85,5,5,4,5,5,5,1.0,1.0,1.0,1.0,1.0,1.0,1.0,1.0,1.0,CC-Baseline (train),"('host_incorrect_ip', 'ospf_enterprise_dhcp', 'm')"
claude-code,claude-sonnet-4-6,end_host_failure,host_incorrect_ip,ospf_enterprise_dhcp,l,404222859,351215,7645,1,22,0,210.04,5,4,5,5,3,4,1.0,1.0,1.0,1.0,1.0,0.0,0.0,0.0,0.0,CC-Baseline (train),"('host_incorrect_ip', 'ospf_enterprise_dhcp', 'l')"
claude-code,claude-sonnet-4-6,end_host_failure,host_incorrect_netmask,ospf_enterprise_dhcp,s,404223710,601242,22967,1,57,0,416.51,4,3,3,5,1,2,1.0,0.0,0.0,0.0,0.0,0.0,0.0,0.0,0.0,CC-Baseline (train),"('host_incorrect_netmask', 'ospf_enterprise_dhcp', 's')"
claude-code,claude-sonnet-4-6,end_host_failure,host_incorrect_netmask,ospf_enterprise_dhcp,m,404230401,450881,9829,1,32,0,213.37,5,5,4,5,5,5,1.0,1.0,1.0,1.0,1.0,1.0,1.0,1.0,1.0,CC-Baseline (train),"('host_incorrect_netmask', 'ospf_enterprise_dhcp', 'm')"
claude-code,claude-sonnet-4-6,end_host_failure,host_incorrect_netmask,ospf_enterprise_dhcp,l,404231101,449812,13066,1,46,0,376.89,4,4,3,4,1,2,-1.0,-1.0,-1.0,-1.0,-1.0,-1.0,-1.0,-1.0,-1.0,CC-Baseline (train),"('host_incorrect_netmask', 'ospf_enterprise_dhcp', 'l')"
claude-code,claude-sonnet-4-6,end_host_failure,host_missing_ip,ospf_enterprise_dhcp,s,404232220,586527,18266,1,52,0,308.95,5,5,4,5,1,3,-1.0,-1.0,-1.0,-1.0,-1.0,-1.0,-1.0,-1.0,-1.0,CC-Baseline (train),"('host_missing_ip', 'ospf_enterprise_dhcp', 's')"
claude-code,claude-sonnet-4-6,end_host_failure,host_missing_ip,ospf_enterprise_dhcp,m,404232927,730558,21399,1,43,0,377.66,5,4,4,5,1,3,-1.0,-1.0,-1.0,-1.0,-1.0,-1.0,-1.0,-1.0,-1.0,CC-Baseline (train),"('host_missing_ip', 'ospf_enterprise_dhcp', 'm')"
claude-code,claude-sonnet-4-6,end_host_failure,host_missing_ip,ospf_enterprise_dhcp,l,404233940,549638,22093,1,47,0,541.27,5,5,4,5,3,4,-1.0,-1.0,-1.0,-1.0,-1.0,-1.0,-1.0,-1.0,-1.0,CC-Baseline (train),"('host_missing_ip', 'ospf_enterprise_dhcp', 'l')"
claude-code,claude-sonnet-4-6,link_failure,dhcp_service_down,ospf_enterprise_dhcp,s,404235339,291939,7870,1,28,0,156.49,5,5,4,5,5,5,1.0,1.0,1.0,1.0,1.0,1.0,1.0,1.0,1.0,CC-Baseline (train),"('dhcp_service_down', 'ospf_enterprise_dhcp', 's')"
claude-code,claude-sonnet-4-6,link_failure,dhcp_service_down,ospf_enterprise_dhcp,m,404235816,390890,16773,1,36,0,346.82,5,5,4,5,5,5,1.0,1.0,1.0,1.0,1.0,1.0,1.0,1.0,1.0,CC-Baseline (train),"('dhcp_service_down', 'ospf_enterprise_dhcp', 'm')"
claude-code,claude-sonnet-4-6,link_failure,dhcp_service_down,ospf_enterprise_dhcp,l,405000802,317319,8619,1,36,0,273.15,5,5,4,5,5,5,1.0,1.0,1.0,1.0,1.0,1.0,1.0,1.0,1.0,CC-Baseline (train),"('dhcp_service_down', 'ospf_enterprise_dhcp', 'l')"
claude-code,claude-sonnet-4-6,link_failure,dns_service_down,ospf_enterprise_dhcp,s,405001737,260220,6466,1,33,0,133.14,5,5,5,5,5,5,1.0,1.0,1.0,1.0,1.0,1.0,1.0,1.0,1.0,CC-Baseline (train),"('dns_service_down', 'ospf_enterprise_dhcp', 's')"
claude-code,claude-sonnet-4-6,link_failure,dns_service_down,ospf_enterprise_dhcp,m,405002145,258005,5484,1,26,0,115.8,5,5,4,5,5,5,1.0,1.0,1.0,1.0,1.0,1.0,1.0,1.0,1.0,CC-Baseline (train),"('dns_service_down', 'ospf_enterprise_dhcp', 'm')"
claude-code,claude-sonnet-4-6,link_failure,dns_service_down,ospf_enterprise_dhcp,l,405002725,446126,11016,1,48,0,360.39,5,5,4,5,2,4,-1.0,-1.0,-1.0,-1.0,-1.0,-1.0,-1.0,-1.0,-1.0,CC-Baseline (train),"('dns_service_down', 'ospf_enterprise_dhcp', 'l')"
claude-code,claude-sonnet-4-6,link_failure,link_detach,ospf_enterprise_dhcp,s,405003837,266760,8045,1,29,0,149.09,5,5,4,5,5,5,1.0,1.0,1.0,1.0,1.0,1.0,1.0,1.0,1.0,CC-Baseline (train),"('link_detach', 'ospf_enterprise_dhcp', 's')"
claude-code,claude-sonnet-4-6,link_failure,link_detach,ospf_enterprise_dhcp,m,405004254,241750,4988,1,20,0,106.23,5,5,4,5,5,5,1.0,1.0,1.0,1.0,1.0,1.0,1.0,1.0,1.0,CC-Baseline (train),"('link_detach', 'ospf_enterprise_dhcp', 'm')"
claude-code,claude-sonnet-4-6,link_failure,link_detach,ospf_enterprise_dhcp,l,405004813,576082,19228,1,58,0,517.29,5,4,3,5,1,4,-1.0,-1.0,-1.0,-1.0,-1.0,-1.0,-1.0,-1.0,-1.0,CC-Baseline (train),"('link_detach', 'ospf_enterprise_dhcp', 'l')"
claude-code,claude-sonnet-4-6,link_failure,link_down,ospf_enterprise_dhcp,s,405010158,222761,8210,1,23,0,163.33,5,5,5,5,2,3,1.0,1.0,1.0,1.0,1.0,0.0,0.0,0.0,0.0,CC-Baseline (train),"('link_down', 'ospf_enterprise_dhcp', 's')"
claude-code,claude-sonnet-4-6,link_failure,link_down,ospf_enterprise_dhcp,m,405010635,193882,7019,1,18,0,156.5,5,4,4,4,2,3,1.0,1.0,1.0,1.0,1.0,0.0,0.0,0.0,0.0,CC-Baseline (train),"('link_down', 'ospf_enterprise_dhcp', 'm')"
claude-code,claude-sonnet-4-6,link_failure,link_down,ospf_enterprise_dhcp,l,405011243,560796,11859,1,52,0,391.71,3,4,3,5,1,3,-1.0,-1.0,-1.0,-1.0,-1.0,-1.0,-1.0,-1.0,-1.0,CC-Baseline (train),"('link_down', 'ospf_enterprise_dhcp', 'l')"
claude-code,claude-sonnet-4-6,link_failure,link_flap,ospf_enterprise_dhcp,s,405012413,512639,13153,1,41,0,268.49,5,5,4,5,5,5,1.0,1.0,1.0,1.0,1.0,1.0,1.0,1.0,1.0,CC-Baseline (train),"('link_flap', 'ospf_enterprise_dhcp', 's')"
claude-code,claude-sonnet-4-6,link_failure,link_flap,ospf_enterprise_dhcp,m,405013034,304111,11684,1,28,0,226.82,5,5,5,5,5,5,1.0,1.0,1.0,1.0,1.0,1.0,1.0,1.0,1.0,CC-Baseline (train),"('link_flap', 'ospf_enterprise_dhcp', 'm')"
claude-code,claude-sonnet-4-6,link_failure,link_flap,ospf_enterprise_dhcp,l,405013802,518354,19368,1,45,0,481.0,5,3,4,5,1,3,-1.0,-1.0,-1.0,-1.0,-1.0,-1.0,-1.0,-1.0,-1.0,CC-Baseline (train),"('link_flap', 'ospf_enterprise_dhcp', 'l')"
claude-code,claude-sonnet-4-6,link_failure,link_fragmentation_disabled,ospf_enterprise_dhcp,s,405170957,255307,10180,1,26,0,236.74,5,4,5,5,2,3,1.0,1.0,1.0,1.0,1.0,0.0,0.0,0.0,0.0,CC-Baseline (train),"('link_fragmentation_disabled', 'ospf_enterprise_dhcp', 's')"
claude-code,claude-sonnet-4-6,link_failure,link_fragmentation_disabled,ospf_enterprise_dhcp,m,405171541,347668,11124,1,30,0,249.42,5,4,4,5,2,3,1.0,1.0,1.0,1.0,1.0,0.0,0.0,0.0,0.0,CC-Baseline (train),"('link_fragmentation_disabled', 'ospf_enterprise_dhcp', 'm')"
claude-code,claude-sonnet-4-6,link_failure,link_fragmentation_disabled,ospf_enterprise_dhcp,l,405172309,383179,12179,1,37,0,374.21,5,4,5,5,2,4,1.0,1.0,1.0,1.0,1.0,0.0,0.0,0.0,0.0,CC-Baseline (train),"('link_fragmentation_disabled', 'ospf_enterprise_dhcp', 'l')"
claude-code,claude-sonnet-4-6,misconfiguration,arp_acl_block,ospf_enterprise_dhcp,s,405173345,693074,32527,1,46,0,575.18,4,3,4,4,1,3,-1.0,-1.0,-1.0,-1.0,-1.0,-1.0,-1.0,-1.0,-1.0,CC-Baseline (train),"('arp_acl_block', 'ospf_enterprise_dhcp', 's')"
claude-code,claude-sonnet-4-6,misconfiguration,arp_acl_block,ospf_enterprise_dhcp,m,405174511,412341,9251,1,36,0,217.76,5,5,4,5,5,5,1.0,1.0,1.0,1.0,1.0,1.0,1.0,1.0,1.0,CC-Baseline (train),"('arp_acl_block', 'ospf_enterprise_dhcp', 'm')"
claude-code,claude-sonnet-4-6,misconfiguration,arp_acl_block,ospf_enterprise_dhcp,l,405175211,544311,26249,1,49,0,623.79,5,5,4,5,1,3,-1.0,-1.0,-1.0,-1.0,-1.0,-1.0,-1.0,-1.0,-1.0,CC-Baseline (train),"('arp_acl_block', 'ospf_enterprise_dhcp', 'l')"
claude-code,claude-sonnet-4-6,misconfiguration,dns_port_blocked,ospf_enterprise_dhcp,s,405180703,160254,3190,1,20,0,153.92,5,5,5,5,1,3,1.0,1.0,1.0,1.0,1.0,0.0,0.0,0.0,0.0,CC-Baseline (train),"('dns_port_blocked', 'ospf_enterprise_dhcp', 's')"
claude-code,claude-sonnet-4-6,misconfiguration,dns_port_blocked,ospf_enterprise_dhcp,m,405181125,637687,15632,1,53,0,353.5,5,5,4,5,5,5,1.0,1.0,1.0,1.0,1.0,1.0,1.0,1.0,1.0,CC-Baseline (train),"('dns_port_blocked', 'ospf_enterprise_dhcp', 'm')"
claude-code,claude-sonnet-4-6,misconfiguration,dns_port_blocked,ospf_enterprise_dhcp,l,405182042,353782,5468,1,35,0,206.96,5,5,4,5,5,5,1.0,1.0,1.0,1.0,1.0,1.0,1.0,1.0,1.0,CC-Baseline (train),"('dns_port_blocked', 'ospf_enterprise_dhcp', 'l')"
claude-code,claude-sonnet-4-6,misconfiguration,http_acl_block,ospf_enterprise_dhcp,s,405182829,432666,18983,1,47,0,340.95,5,5,4,5,5,5,1.0,1.0,1.0,1.0,1.0,1.0,1.0,1.0,1.0,CC-Baseline (train),"('http_acl_block', 'ospf_enterprise_dhcp', 's')"
claude-code,claude-sonnet-4-6,misconfiguration,http_acl_block,ospf_enterprise_dhcp,m,405183557,640269,12518,1,52,0,286.56,5,5,4,5,2,4,-1.0,-1.0,-1.0,-1.0,-1.0,-1.0,-1.0,-1.0,-1.0,CC-Baseline (train),"('http_acl_block', 'ospf_enterprise_dhcp', 'm')"
claude-code,claude-sonnet-4-6,misconfiguration,http_acl_block,ospf_enterprise_dhcp,l,405184409,0,0,1,40,0,234.46,5,4,3,5,1,3,-1.0,-1.0,-1.0,-1.0,-1.0,-1.0,-1.0,-1.0,-1.0,CC-Baseline (train),"('http_acl_block', 'ospf_enterprise_dhcp', 'l')"
claude-code,claude-sonnet-4-6,misconfiguration,icmp_acl_block,ospf_enterprise_dhcp,s,405185215,276290,5628,1,33,0,148.74,5,5,5,5,5,5,1.0,1.0,1.0,1.0,1.0,1.0,1.0,1.0,1.0,CC-Baseline (train),"('icmp_acl_block', 'ospf_enterprise_dhcp', 's')"
claude-code,claude-sonnet-4-6,misconfiguration,icmp_acl_block,ospf_enterprise_dhcp,m,405185633,485130,12402,1,45,0,269.46,5,5,4,5,5,5,1.0,1.0,1.0,1.0,1.0,1.0,1.0,1.0,1.0,CC-Baseline (train),"('icmp_acl_block', 'ospf_enterprise_dhcp', 'm')"
claude-code,claude-sonnet-4-6,misconfiguration,icmp_acl_block,ospf_enterprise_dhcp,l,405190431,550175,8651,1,50,0,358.95,5,5,4,5,4,4,-1.0,-1.0,-1.0,-1.0,-1.0,-1.0,-1.0,-1.0,-1.0,CC-Baseline (train),"('icmp_acl_block', 'ospf_enterprise_dhcp', 'l')"
claude-code,claude-sonnet-4-6,misconfiguration,ospf_acl_block,ospf_enterprise_dhcp,s,405191453,623875,21850,1,58,0,383.3,5,3,4,5,2,3,1.0,1.0,0.5,1.0,0.6667,0.0,0.0,0.0,0.0,CC-Baseline (train),"('ospf_acl_block', 'ospf_enterprise_dhcp', 's')"
claude-code,claude-sonnet-4-6,misconfiguration,ospf_acl_block,ospf_enterprise_dhcp,m,405192313,831267,30070,1,67,0,603.82,5,5,4,5,2,4,-1.0,-1.0,-1.0,-1.0,-1.0,-1.0,-1.0,-1.0,-1.0,CC-Baseline (train),"('ospf_acl_block', 'ospf_enterprise_dhcp', 'm')"
claude-code,claude-sonnet-4-6,misconfiguration,ospf_acl_block,ospf_enterprise_dhcp,l,405193643,411930,10336,1,39,0,272.85,5,4,3,4,2,3,-1.0,-1.0,-1.0,-1.0,-1.0,-1.0,-1.0,-1.0,-1.0,CC-Baseline (train),"('ospf_acl_block', 'ospf_enterprise_dhcp', 'l')"
claude-code,claude-sonnet-4-6,misconfiguration,dhcp_missing_subnet,ospf_enterprise_dhcp,s,405194533,165408,3499,1,18,0,66.91,5,4,5,5,3,4,1.0,0.5,1.0,0.5,0.6667,1.0,1.0,1.0,1.0,CC-Baseline (train),"('dhcp_missing_subnet', 'ospf_enterprise_dhcp', 's')"
claude-code,claude-sonnet-4-6,misconfiguration,dhcp_missing_subnet,ospf_enterprise_dhcp,m,405194844,253015,6020,1,24,0,108.22,5,4,4,5,3,4,1.0,0.5,1.0,0.5,0.6667,1.0,1.0,1.0,1.0,CC-Baseline (train),"('dhcp_missing_subnet', 'ospf_enterprise_dhcp', 'm')"
claude-code,claude-sonnet-4-6,misconfiguration,dhcp_missing_subnet,ospf_enterprise_dhcp,l,405195407,298587,8308,1,35,0,210.59,5,4,4,5,3,4,1.0,0.5,1.0,0.5,0.6667,1.0,1.0,1.0,1.0,CC-Baseline (train),"('dhcp_missing_subnet', 'ospf_enterprise_dhcp', 'l')"
claude-code,claude-sonnet-4-6,misconfiguration,mac_address_conflict,ospf_enterprise_dhcp,s,405200229,695767,16723,1,60,0,368.79,3,4,2,4,1,2,-1.0,-1.0,-1.0,-1.0,-1.0,-1.0,-1.0,-1.0,-1.0,CC-Baseline (train),"('mac_address_conflict', 'ospf_enterprise_dhcp', 's')"
claude-code,claude-sonnet-4-6,misconfiguration,mac_address_conflict,ospf_enterprise_dhcp,m,405201028,266000,7342,1,25,0,170.2,3,5,4,5,1,2,1.0,0.0,0.0,0.0,0.0,0.0,0.0,0.0,0.0,CC-Baseline (train),"('mac_address_conflict', 'ospf_enterprise_dhcp', 'm')"
claude-code,claude-sonnet-4-6,misconfiguration,mac_address_conflict,ospf_enterprise_dhcp,l,405201655,460612,18387,1,40,0,433.6,5,4,4,5,4,4,-1.0,-1.0,-1.0,-1.0,-1.0,-1.0,-1.0,-1.0,-1.0,CC-Baseline (train),"('mac_address_conflict', 'ospf_enterprise_dhcp', 'l')"
claude-code,claude-sonnet-4-6,misconfiguration,ospf_area_misconfiguration,ospf_enterprise_dhcp,s,405202902,188847,5109,1,23,0,118.78,5,5,5,5,5,5,1.0,1.0,1.0,1.0,1.0,1.0,1.0,1.0,1.0,CC-Baseline (train),"('ospf_area_misconfiguration', 'ospf_enterprise_dhcp', 's')"
claude-code,claude-sonnet-4-6,misconfiguration,ospf_area_misconfiguration,ospf_enterprise_dhcp,m,405203251,195819,5366,1,19,0,110.42,5,5,5,5,5,5,1.0,1.0,1.0,1.0,1.0,1.0,1.0,1.0,1.0,CC-Baseline (train),"('ospf_area_misconfiguration', 'ospf_enterprise_dhcp', 'm')"
claude-code,claude-sonnet-4-6,misconfiguration,ospf_area_misconfiguration,ospf_enterprise_dhcp,l,405203805,371769,11342,1,36,0,318.75,5,5,4,5,5,5,1.0,1.0,1.0,1.0,1.0,1.0,1.0,1.0,1.0,CC-Baseline (train),"('ospf_area_misconfiguration', 'ospf_enterprise_dhcp', 'l')"
claude-code,claude-sonnet-4-6,misconfiguration,ospf_neighbor_missing,ospf_enterprise_dhcp,s,405204808,172958,6043,1,22,0,103.69,5,4,5,5,2,4,1.0,1.0,1.0,1.0,1.0,0.0,0.0,0.0,0.0,CC-Baseline (train),"('ospf_neighbor_missing', 'ospf_enterprise_dhcp', 's')"
claude-code,claude-sonnet-4-6,misconfiguration,ospf_neighbor_missing,ospf_enterprise_dhcp,m,405205152,223331,6110,1,22,0,120.58,5,4,5,5,2,3,1.0,1.0,1.0,1.0,1.0,0.0,0.0,0.0,0.0,CC-Baseline (train),"('ospf_neighbor_missing', 'ospf_enterprise_dhcp', 'm')"
claude-code,claude-sonnet-4-6,misconfiguration,ospf_neighbor_missing,ospf_enterprise_dhcp,l,405205721,291461,8243,1,32,0,224.88,5,3,4,5,2,4,1.0,1.0,1.0,1.0,1.0,0.0,0.0,0.0,0.0,CC-Baseline (train),"('ospf_neighbor_missing', 'ospf_enterprise_dhcp', 'l')"
claude-code,claude-sonnet-4-6,network_node_error,frr_service_down,ospf_enterprise_dhcp,s,405210539,214459,5450,1,28,0,106.12,5,5,4,5,5,5,1.0,1.0,1.0,1.0,1.0,1.0,1.0,1.0,1.0,CC-Baseline (train),"('frr_service_down', 'ospf_enterprise_dhcp', 's')"
claude-code,claude-sonnet-4-6,network_node_error,frr_service_down,ospf_enterprise_dhcp,m,405210915,130691,3186,1,14,0,81.28,5,5,5,5,5,5,1.0,1.0,1.0,1.0,1.0,1.0,1.0,1.0,1.0,CC-Baseline (train),"('frr_service_down', 'ospf_enterprise_dhcp', 'm')"
claude-code,claude-sonnet-4-6,network_node_error,frr_service_down,ospf_enterprise_dhcp,l,405211407,351814,7560,1,36,0,229.65,5,4,4,5,5,5,1.0,1.0,1.0,1.0,1.0,1.0,1.0,1.0,1.0,CC-Baseline (train),"('frr_service_down', 'ospf_enterprise_dhcp', 'l')"
claude-code,claude-sonnet-4-6,network_under_attack,arp_cache_poisoning,ospf_enterprise_dhcp,s,405212241,676674,20913,1,59,0,376.97,3,4,3,4,1,2,1.0,0.0,0.0,0.0,0.0,0.0,0.0,0.0,0.0,CC-Baseline (train),"('arp_cache_poisoning', 'ospf_enterprise_dhcp', 's')"
claude-code,claude-sonnet-4-6,network_under_attack,arp_cache_poisoning,ospf_enterprise_dhcp,m,405213045,678503,15871,1,53,0,392.53,4,4,4,5,1,2,-1.0,-1.0,-1.0,-1.0,-1.0,-1.0,-1.0,-1.0,-1.0,CC-Baseline (train),"('arp_cache_poisoning', 'ospf_enterprise_dhcp', 'm')"
claude-code,claude-sonnet-4-6,network_under_attack,arp_cache_poisoning,ospf_enterprise_dhcp,l,405214030,502382,10125,1,42,0,283.08,3,4,3,4,1,2,-1.0,-1.0,-1.0,-1.0,-1.0,-1.0,-1.0,-1.0,-1.0,CC-Baseline (train),"('arp_cache_poisoning', 'ospf_enterprise_dhcp', 'l')"
claude-code,claude-sonnet-4-6,network_under_attack,dhcp_spoofed_dns,ospf_enterprise_dhcp,s,405214937,368118,8529,1,36,0,157.39,5,4,5,5,3,4,1.0,0.5,1.0,0.5,0.6667,1.0,1.0,1.0,1.0,CC-Baseline (train),"('dhcp_spoofed_dns', 'ospf_enterprise_dhcp', 's')"
claude-code,claude-sonnet-4-6,network_under_attack,dhcp_spoofed_dns,ospf_enterprise_dhcp,m,405215416,260214,7538,1,28,0,166.48,5,4,5,5,3,4,1.0,0.5,1.0,0.5,0.6667,1.0,1.0,1.0,1.0,CC-Baseline (train),"('dhcp_spoofed_dns', 'ospf_enterprise_dhcp', 'm')"
claude-code,claude-sonnet-4-6,network_under_attack,dhcp_spoofed_dns,ospf_enterprise_dhcp,l,405220040,383506,6639,1,30,0,214.52,5,4,4,5,3,4,1.0,0.5,1.0,0.5,0.6667,1.0,1.0,1.0,1.0,CC-Baseline (train),"('dhcp_spoofed_dns', 'ospf_enterprise_dhcp', 'l')"
claude-code,claude-sonnet-4-6,network_under_attack,dhcp_spoofed_gateway,ospf_enterprise_dhcp,s,405220917,195089,4997,1,20,0,125.22,5,4,5,5,3,4,1.0,0.5,1.0,0.5,0.6667,1.0,1.0,1.0,1.0,CC-Baseline (train),"('dhcp_spoofed_gateway', 'ospf_enterprise_dhcp', 's')"
claude-code,claude-sonnet-4-6,network_under_attack,dhcp_spoofed_gateway,ospf_enterprise_dhcp,m,405221322,238298,5305,1,23,0,118.63,5,5,5,5,3,4,1.0,0.5,1.0,0.5,0.6667,1.0,1.0,1.0,1.0,CC-Baseline (train),"('dhcp_spoofed_gateway', 'ospf_enterprise_dhcp', 'm')"
claude-code,claude-sonnet-4-6,network_under_attack,dhcp_spoofed_gateway,ospf_enterprise_dhcp,l,405221856,592312,15105,1,54,0,419.11,5,4,4,5,2,3,1.0,1.0,1.0,1.0,1.0,0.0,0.0,0.0,0.0,CC-Baseline (train),"('dhcp_spoofed_gateway', 'ospf_enterprise_dhcp', 'l')"
claude-code,claude-sonnet-4-6,network_under_attack,web_dos_attack,ospf_enterprise_dhcp,s,405223040,409249,17116,1,47,0,341.11,5,5,5,5,4,5,1.0,1.0,0.5,1.0,0.6667,1.0,1.0,1.0,1.0,CC-Baseline (train),"('web_dos_attack', 'ospf_enterprise_dhcp', 's')"
claude-code,claude-sonnet-4-6,network_under_attack,web_dos_attack,ospf_enterprise_dhcp,m,405223820,695254,17075,1,64,0,346.25,5,5,4,5,1,3,-1.0,-1.0,-1.0,-1.0,-1.0,-1.0,-1.0,-1.0,-1.0,CC-Baseline (train),"('web_dos_attack', 'ospf_enterprise_dhcp', 'm')"
claude-code,claude-sonnet-4-6,network_under_attack,web_dos_attack,ospf_enterprise_dhcp,l,405224732,531415,15701,1,59,0,454.79,5,5,4,5,1,4,-1.0,-1.0,-1.0,-1.0,-1.0,-1.0,-1.0,-1.0,-1.0,CC-Baseline (train),"('web_dos_attack', 'ospf_enterprise_dhcp', 'l')"
claude-code,claude-sonnet-4-6,resource_contention,incast_traffic_network_limitation,ospf_enterprise_dhcp,s,405230004,208354,6460,1,23,0,127.59,4,4,3,5,1,3,1.0,0.0,0.0,0.0,0.0,0.0,0.0,0.0,0.0,CC-Baseline (train),"('incast_traffic_network_limitation', 'ospf_enterprise_dhcp', 's')"
claude-code,claude-sonnet-4-6,resource_contention,incast_traffic_network_limitation,ospf_enterprise_dhcp,m,405230420,385000,10816,1,38,0,253.95,5,5,5,5,2,3,1.0,1.0,1.0,1.0,1.0,0.0,0.0,0.0,0.0,CC-Baseline (train),"('incast_traffic_network_limitation', 'ospf_enterprise_dhcp', 'm')"
claude-code,claude-sonnet-4-6,resource_contention,incast_traffic_network_limitation,ospf_enterprise_dhcp,l,405231205,466843,7424,1,38,0,262.23,5,4,4,5,1,3,-1.0,-1.0,-1.0,-1.0,-1.0,-1.0,-1.0,-1.0,-1.0,CC-Baseline (train),"('incast_traffic_network_limitation', 'ospf_enterprise_dhcp', 'l')"
claude-code,claude-sonnet-4-6,resource_contention,link_bandwidth_throttling,ospf_enterprise_dhcp,s,405232105,197704,4920,1,27,0,128.67,5,5,4,5,5,5,1.0,1.0,1.0,1.0,1.0,1.0,1.0,1.0,1.0,CC-Baseline (train),"('link_bandwidth_throttling', 'ospf_enterprise_dhcp', 's')"
claude-code,claude-sonnet-4-6,resource_contention,link_bandwidth_throttling,ospf_enterprise_dhcp,m,405232509,647465,16425,1,57,0,961.15,5,4,4,5,2,4,-1.0,-1.0,-1.0,-1.0,-1.0,-1.0,-1.0,-1.0,-1.0,CC-Baseline (train),"('link_bandwidth_throttling', 'ospf_enterprise_dhcp', 'm')"
claude-code,claude-sonnet-4-6,resource_contention,link_bandwidth_throttling,ospf_enterprise_dhcp,l,405234441,370467,5616,1,34,0,188.74,5,5,4,5,2,3,-1.0,-1.0,-1.0,-1.0,-1.0,-1.0,-1.0,-1.0,-1.0,CC-Baseline (train),"('link_bandwidth_throttling', 'ospf_enterprise_dhcp', 'l')"
claude-code,claude-sonnet-4-6,resource_contention,link_high_packet_corruption,ospf_enterprise_dhcp,s,405235201,136374,3026,1,15,0,89.93,5,5,5,5,5,5,1.0,1.0,1.0,1.0,1.0,1.0,1.0,1.0,1.0,CC-Baseline (train),"('link_high_packet_corruption', 'ospf_enterprise_dhcp', 's')"
claude-code,claude-sonnet-4-6,resource_contention,link_high_packet_corruption,ospf_enterprise_dhcp,m,405235522,255407,5163,1,26,0,136.77,5,5,4,5,5,5,1.0,1.0,1.0,1.0,1.0,1.0,1.0,1.0,1.0,CC-Baseline (train),"('link_high_packet_corruption', 'ospf_enterprise_dhcp', 'm')"
claude-code,claude-sonnet-4-6,resource_contention,link_high_packet_corruption,ospf_enterprise_dhcp,l,406000048,335780,6095,1,32,0,208.87,5,5,4,5,5,5,1.0,1.0,1.0,1.0,1.0,1.0,1.0,1.0,1.0,CC-Baseline (train),"('link_high_packet_corruption', 'ospf_enterprise_dhcp', 'l')"
claude-code,claude-sonnet-4-6,resource_contention,dns_lookup_latency,ospf_enterprise_dhcp,s,406000849,209911,4568,1,23,0,117.68,5,5,4,5,5,5,1.0,1.0,1.0,1.0,1.0,1.0,1.0,1.0,1.0,CC-Baseline (train),"('dns_lookup_latency', 'ospf_enterprise_dhcp', 's')"
claude-code,claude-sonnet-4-6,resource_contention,dns_lookup_latency,ospf_enterprise_dhcp,m,406001238,221635,4054,1,24,0,118.19,5,5,4,5,5,5,1.0,1.0,1.0,1.0,1.0,1.0,1.0,1.0,1.0,CC-Baseline (train),"('dns_lookup_latency', 'ospf_enterprise_dhcp', 'm')"
claude-code,claude-sonnet-4-6,resource_contention,dns_lookup_latency,ospf_enterprise_dhcp,l,406001758,515158,14288,1,49,0,375.18,5,4,3,5,1,3,-1.0,-1.0,-1.0,-1.0,-1.0,-1.0,-1.0,-1.0,-1.0,CC-Baseline (train),"('dns_lookup_latency', 'ospf_enterprise_dhcp', 'l')"
claude-code,claude-sonnet-4-6,resource_contention,load_balancer_overload,ospf_enterprise_dhcp,s,406002843,616098,15709,1,67,0,290.11,5,4,4,5,1,3,-1.0,-1.0,-1.0,-1.0,-1.0,-1.0,-1.0,-1.0,-1.0,CC-Baseline (train),"('load_balancer_overload', 'ospf_enterprise_dhcp', 's')"
claude-code,claude-sonnet-4-6,resource_contention,load_balancer_overload,ospf_enterprise_dhcp,m,406003529,680996,13625,1,65,0,277.34,4,4,3,5,1,3,-1.0,-1.0,-1.0,-1.0,-1.0,-1.0,-1.0,-1.0,-1.0,CC-Baseline (train),"('load_balancer_overload', 'ospf_enterprise_dhcp', 'm')"
claude-code,claude-sonnet-4-6,resource_contention,load_balancer_overload,ospf_enterprise_dhcp,l,406004333,551882,18296,1,56,0,536.25,5,4,4,5,1,3,1.0,1.0,0.2,1.0,0.3333,0.0,0.0,0.0,0.0,CC-Baseline (train),"('load_balancer_overload', 'ospf_enterprise_dhcp', 'l')"
claude-code,claude-sonnet-4-6,resource_contention,receiver_resource_contention,ospf_enterprise_dhcp,s,406005725,421896,11909,1,49,0,292.93,5,4,4,5,1,3,1.0,0.0,0.0,0.0,0.0,0.0,0.0,0.0,0.0,CC-Baseline (train),"('receiver_resource_contention', 'ospf_enterprise_dhcp', 's')"
claude-code,claude-sonnet-4-6,resource_contention,receiver_resource_contention,ospf_enterprise_dhcp,m,406010413,575475,13014,1,50,0,300.28,5,4,4,4,1,3,-1.0,-1.0,-1.0,-1.0,-1.0,-1.0,-1.0,-1.0,-1.0,CC-Baseline (train),"('receiver_resource_contention', 'ospf_enterprise_dhcp', 'm')"
claude-code,claude-sonnet-4-6,resource_contention,receiver_resource_contention,ospf_enterprise_dhcp,l,406011240,466187,8667,1,36,0,259.73,5,4,4,5,1,3,-1.0,-1.0,-1.0,-1.0,-1.0,-1.0,-1.0,-1.0,-1.0,CC-Baseline (train),"('receiver_resource_contention', 'ospf_enterprise_dhcp', 'l')"
claude-code,claude-sonnet-4-6,resource_contention,sender_application_delay,ospf_enterprise_dhcp,s,406012126,262718,9953,1,35,0,245.3,5,4,5,5,1,3,1.0,1.0,0.25,1.0,0.4,0.0,0.0,0.0,0.0,CC-Baseline (train),"('sender_application_delay', 'ospf_enterprise_dhcp', 's')"
claude-code,claude-sonnet-4-6,resource_contention,sender_application_delay,ospf_enterprise_dhcp,m,406012726,478056,12293,1,42,0,247.85,5,5,4,5,3,4,1.0,1.0,0.1429,1.0,0.25,1.0,1.0,1.0,1.0,CC-Baseline (train),"('sender_application_delay', 'ospf_enterprise_dhcp', 'm')"
claude-code,claude-sonnet-4-6,resource_contention,sender_application_delay,ospf_enterprise_dhcp,l,406013506,370416,6148,1,32,0,239.92,5,4,3,4,1,3,-1.0,-1.0,-1.0,-1.0,-1.0,-1.0,-1.0,-1.0,-1.0,CC-Baseline (train),"('sender_application_delay', 'ospf_enterprise_dhcp', 'l')"
claude-code,claude-sonnet-4-6,resource_contention,sender_resource_contention,ospf_enterprise_dhcp,s,406014333,615134,13815,1,68,0,257.67,5,3,4,5,2,3,1.0,1.0,1.0,1.0,1.0,0.0,0.0,0.0,0.0,CC-Baseline (train),"('sender_resource_contention', 'ospf_enterprise_dhcp', 's')"
claude-code,claude-sonnet-4-6,resource_contention,sender_resource_contention,ospf_enterprise_dhcp,m,406014942,551817,15935,1,64,0,299.41,3,4,3,4,1,2,-1.0,-1.0,-1.0,-1.0,-1.0,-1.0,-1.0,-1.0,-1.0,CC-Baseline (train),"('sender_resource_contention', 'ospf_enterprise_dhcp', 'm')"
claude-code,claude-sonnet-4-6,resource_contention,sender_resource_contention,ospf_enterprise_dhcp,l,406015805,509583,12491,1,59,0,378.86,5,4,3,5,1,2,-1.0,-1.0,-1.0,-1.0,-1.0,-1.0,-1.0,-1.0,-1.0,CC-Baseline (train),"('sender_resource_contention', 'ospf_enterprise_dhcp', 'l')"
claude-code-sade,claude-sonnet-4-6,end_host_failure,dns_record_error,ospf_enterprise_dhcp,s,411233516,806963,33333,1,59,0,523.03,5,5,4,4,5,5,1.0,1.0,1.0,1.0,1.0,1.0,1.0,1.0,1.0,SADE (train),"('dns_record_error', 'ospf_enterprise_dhcp', 's')"
claude-code-sade,claude-sonnet-4-6,end_host_failure,dns_record_error,ospf_enterprise_dhcp,m,411234551,426181,9669,1,61,0,172.77,5,4,4,5,5,5,1.0,1.0,1.0,1.0,1.0,1.0,1.0,1.0,1.0,SADE (train),"('dns_record_error', 'ospf_enterprise_dhcp', 'm')"
claude-code-sade,claude-sonnet-4-6,end_host_failure,dns_record_error,ospf_enterprise_dhcp,l,411235119,427237,12093,1,60,0,360.4,4,4,3,4,1,2,1.0,0.0,0.0,0.0,0.0,0.0,0.0,0.0,0.0,SADE (train),"('dns_record_error', 'ospf_enterprise_dhcp', 'l')"
claude-code-sade,claude-sonnet-4-6,end_host_failure,host_crash,ospf_enterprise_dhcp,s,412000015,396135,11163,1,56,0,193.63,5,4,3,5,5,5,1.0,1.0,1.0,1.0,1.0,1.0,1.0,1.0,1.0,SADE (train),"('host_crash', 'ospf_enterprise_dhcp', 's')"
claude-code-sade,claude-sonnet-4-6,end_host_failure,host_crash,ospf_enterprise_dhcp,m,412000524,421432,12702,1,61,0,205.79,5,4,3,5,5,4,1.0,1.0,1.0,1.0,1.0,1.0,1.0,1.0,1.0,SADE (train),"('host_crash', 'ospf_enterprise_dhcp', 'm')"
claude-code-sade,claude-sonnet-4-6,end_host_failure,host_crash,ospf_enterprise_dhcp,l,412001124,301710,8616,1,52,0,204.91,5,5,4,5,5,5,1.0,1.0,1.0,1.0,1.0,1.0,1.0,1.0,1.0,SADE (train),"('host_crash', 'ospf_enterprise_dhcp', 'l')"
claude-code-sade,claude-sonnet-4-6,end_host_failure,host_ip_conflict,ospf_enterprise_dhcp,s,412001738,301318,9569,1,33,0,160.44,5,5,5,5,5,5,1.0,1.0,1.0,1.0,1.0,1.0,1.0,1.0,1.0,SADE (train),"('host_ip_conflict', 'ospf_enterprise_dhcp', 's')"
claude-code-sade,claude-sonnet-4-6,end_host_failure,host_ip_conflict,ospf_enterprise_dhcp,m,412002202,247542,6941,1,32,0,131.27,5,5,5,5,5,5,1.0,1.0,1.0,1.0,1.0,1.0,1.0,1.0,1.0,SADE (train),"('host_ip_conflict', 'ospf_enterprise_dhcp', 'm')"
claude-code-sade,claude-sonnet-4-6,end_host_failure,host_ip_conflict,ospf_enterprise_dhcp,l,412002645,434053,9778,1,41,0,237.76,5,5,4,5,5,5,1.0,1.0,1.0,1.0,1.0,1.0,1.0,1.0,1.0,SADE (train),"('host_ip_conflict', 'ospf_enterprise_dhcp', 'l')"
claude-code-sade,claude-sonnet-4-6,end_host_failure,host_incorrect_dns,ospf_enterprise_dhcp,s,412003323,437143,8181,1,58,0,145.57,4,4,3,5,1,2,0.0,0.0,0.0,0.0,0.0,0.0,0.0,0.0,0.0,SADE (train),"('host_incorrect_dns', 'ospf_enterprise_dhcp', 's')"
claude-code-sade,claude-sonnet-4-6,end_host_failure,host_incorrect_dns,ospf_enterprise_dhcp,m,412003743,506546,8301,1,58,0,173.83,5,3,3,5,1,2,0.0,0.0,0.0,0.0,0.0,0.0,0.0,0.0,0.0,SADE (train),"('host_incorrect_dns', 'ospf_enterprise_dhcp', 'm')"
claude-code-sade,claude-sonnet-4-6,end_host_failure,host_incorrect_dns,ospf_enterprise_dhcp,l,412004313,479636,19352,1,96,0,498.56,4,3,2,3,1,2,1.0,0.0,0.0,0.0,0.0,0.0,0.0,0.0,0.0,SADE (train),"('host_incorrect_dns', 'ospf_enterprise_dhcp', 'l')"
claude-code-sade,claude-sonnet-4-6,end_host_failure,host_incorrect_gateway,ospf_enterprise_dhcp,s,412005420,314610,8355,1,39,0,127.36,5,5,5,5,5,5,1.0,1.0,1.0,1.0,1.0,1.0,1.0,1.0,1.0,SADE (train),"('host_incorrect_gateway', 'ospf_enterprise_dhcp', 's')"
claude-code-sade,claude-sonnet-4-6,end_host_failure,host_incorrect_gateway,ospf_enterprise_dhcp,m,412005812,417316,11124,1,44,0,183.55,5,5,4,5,5,5,1.0,1.0,1.0,1.0,1.0,1.0,1.0,1.0,1.0,SADE (train),"('host_incorrect_gateway', 'ospf_enterprise_dhcp', 'm')"
claude-code-sade,claude-sonnet-4-6,end_host_failure,host_incorrect_gateway,ospf_enterprise_dhcp,l,412010344,448565,10725,1,50,0,291.49,5,5,4,5,5,5,1.0,1.0,1.0,1.0,1.0,1.0,1.0,1.0,1.0,SADE (train),"('host_incorrect_gateway', 'ospf_enterprise_dhcp', 'l')"
claude-code-sade,claude-sonnet-4-6,end_host_failure,host_incorrect_ip,ospf_enterprise_dhcp,s,412011119,209281,7598,1,35,0,116.41,5,5,4,5,5,5,1.0,1.0,1.0,1.0,1.0,1.0,1.0,1.0,1.0,SADE (train),"('host_incorrect_ip', 'ospf_enterprise_dhcp', 's')"
claude-code-sade,claude-sonnet-4-6,end_host_failure,host_incorrect_ip,ospf_enterprise_dhcp,m,412011501,393988,9882,1,38,0,164.27,5,5,4,5,5,5,1.0,1.0,1.0,1.0,1.0,1.0,1.0,1.0,1.0,SADE (train),"('host_incorrect_ip', 'ospf_enterprise_dhcp', 'm')"
claude-code-sade,claude-sonnet-4-6,end_host_failure,host_incorrect_ip,ospf_enterprise_dhcp,l,412012017,358335,11431,1,62,0,299.05,5,5,4,5,5,5,1.0,1.0,1.0,1.0,1.0,1.0,1.0,1.0,1.0,SADE (train),"('host_incorrect_ip', 'ospf_enterprise_dhcp', 'l')"
claude-code-sade,claude-sonnet-4-6,end_host_failure,host_incorrect_netmask,ospf_enterprise_dhcp,s,412012803,286229,7381,1,35,0,146.08,5,5,5,5,5,5,1.0,1.0,1.0,1.0,1.0,1.0,1.0,1.0,1.0,SADE (train),"('host_incorrect_netmask', 'ospf_enterprise_dhcp', 's')"
claude-code-sade,claude-sonnet-4-6,end_host_failure,host_incorrect_netmask,ospf_enterprise_dhcp,m,412013213,308436,7445,1,37,0,140.0,5,5,4,5,5,5,1.0,1.0,1.0,1.0,1.0,1.0,1.0,1.0,1.0,SADE (train),"('host_incorrect_netmask', 'ospf_enterprise_dhcp', 'm')"
claude-code-sade,claude-sonnet-4-6,end_host_failure,host_incorrect_netmask,ospf_enterprise_dhcp,l,412013706,527449,13348,1,49,0,330.76,5,5,4,5,5,5,1.0,1.0,1.0,1.0,1.0,1.0,1.0,1.0,1.0,SADE (train),"('host_incorrect_netmask', 'ospf_enterprise_dhcp', 'l')"
claude-code-sade,claude-sonnet-4-6,end_host_failure,host_missing_ip,ospf_enterprise_dhcp,s,412014519,454939,12331,1,58,0,209.78,5,3,3,5,1,3,0.0,0.0,0.0,0.0,0.0,0.0,0.0,0.0,0.0,SADE (train),"('host_missing_ip', 'ospf_enterprise_dhcp', 's')"
claude-code-sade,claude-sonnet-4-6,end_host_failure,host_missing_ip,ospf_enterprise_dhcp,m,412015036,551303,18917,1,51,0,315.97,5,5,4,5,5,5,1.0,1.0,1.0,1.0,1.0,1.0,1.0,1.0,1.0,SADE (train),"('host_missing_ip', 'ospf_enterprise_dhcp', 'm')"
claude-code-sade,claude-sonnet-4-6,end_host_failure,host_missing_ip,ospf_enterprise_dhcp,l,412015825,661623,17945,1,61,0,431.65,4,4,3,4,1,3,1.0,1.0,1.0,1.0,1.0,0.0,0.0,0.0,0.0,SADE (train),"('host_missing_ip', 'ospf_enterprise_dhcp', 'l')"
claude-code-sade,claude-sonnet-4-6,link_failure,dhcp_service_down,ospf_enterprise_dhcp,s,412020832,445246,9847,1,50,0,174.08,5,5,4,5,5,5,1.0,1.0,1.0,1.0,1.0,1.0,1.0,1.0,1.0,SADE (train),"('dhcp_service_down', 'ospf_enterprise_dhcp', 's')"
claude-code-sade,claude-sonnet-4-6,link_failure,dhcp_service_down,ospf_enterprise_dhcp,m,412021319,489175,10344,1,55,0,184.3,5,5,4,5,5,5,1.0,1.0,1.0,1.0,1.0,1.0,1.0,1.0,1.0,SADE (train),"('dhcp_service_down', 'ospf_enterprise_dhcp', 'm')"
claude-code-sade,claude-sonnet-4-6,link_failure,dhcp_service_down,ospf_enterprise_dhcp,l,412021901,309977,7404,1,41,0,215.67,5,5,4,5,5,5,1.0,1.0,1.0,1.0,1.0,1.0,1.0,1.0,1.0,SADE (train),"('dhcp_service_down', 'ospf_enterprise_dhcp', 'l')"
claude-code-sade,claude-sonnet-4-6,link_failure,dns_service_down,ospf_enterprise_dhcp,s,412022528,493823,7511,1,58,0,130.56,5,5,4,5,5,5,1.0,1.0,1.0,1.0,1.0,1.0,1.0,1.0,1.0,SADE (train),"('dns_service_down', 'ospf_enterprise_dhcp', 's')"
claude-code-sade,claude-sonnet-4-6,link_failure,dns_service_down,ospf_enterprise_dhcp,m,412022931,354809,7722,1,48,0,127.17,5,5,4,5,5,5,1.0,1.0,1.0,1.0,1.0,1.0,1.0,1.0,1.0,SADE (train),"('dns_service_down', 'ospf_enterprise_dhcp', 'm')"
claude-code-sade,claude-sonnet-4-6,link_failure,dns_service_down,ospf_enterprise_dhcp,l,412023419,537259,17931,1,57,0,403.3,5,5,4,4,5,5,1.0,1.0,1.0,1.0,1.0,1.0,1.0,1.0,1.0,SADE (train),"('dns_service_down', 'ospf_enterprise_dhcp', 'l')"
claude-code-sade,claude-sonnet-4-6,link_failure,link_detach,ospf_enterprise_dhcp,s,412024352,264327,6231,1,46,0,89.29,5,5,4,5,5,5,1.0,1.0,1.0,1.0,1.0,1.0,1.0,1.0,1.0,SADE (train),"('link_detach', 'ospf_enterprise_dhcp', 's')"
claude-code-sade,claude-sonnet-4-6,link_failure,link_detach,ospf_enterprise_dhcp,m,412024703,426782,8101,1,48,0,150.5,5,5,4,5,5,5,1.0,1.0,1.0,1.0,1.0,1.0,1.0,1.0,1.0,SADE (train),"('link_detach', 'ospf_enterprise_dhcp', 'm')"
claude-code-sade,claude-sonnet-4-6,link_failure,link_detach,ospf_enterprise_dhcp,l,412025201,350300,7459,1,50,0,291.16,5,5,4,5,5,5,1.0,1.0,1.0,1.0,1.0,1.0,1.0,1.0,1.0,SADE (train),"('link_detach', 'ospf_enterprise_dhcp', 'l')"
claude-code-sade,claude-sonnet-4-6,link_failure,link_down,ospf_enterprise_dhcp,s,412025940,497977,15060,1,50,0,274.7,5,3,3,4,1,3,1.0,1.0,1.0,1.0,1.0,0.0,0.0,0.0,0.0,SADE (train),"('link_down', 'ospf_enterprise_dhcp', 's')"
claude-code-sade,claude-sonnet-4-6,link_failure,link_down,ospf_enterprise_dhcp,m,412030608,289240,6642,1,35,0,122.63,5,5,4,5,5,5,1.0,1.0,1.0,1.0,1.0,1.0,1.0,1.0,1.0,SADE (train),"('link_down', 'ospf_enterprise_dhcp', 'm')"
claude-code-sade,claude-sonnet-4-6,link_failure,link_down,ospf_enterprise_dhcp,l,412031044,418892,14560,1,52,0,411.55,5,5,4,5,5,5,1.0,1.0,1.0,1.0,1.0,1.0,1.0,1.0,1.0,SADE (train),"('link_down', 'ospf_enterprise_dhcp', 'l')"
claude-code-sade,claude-sonnet-4-6,link_failure,link_flap,ospf_enterprise_dhcp,s,412032019,403640,8332,1,43,0,146.61,5,5,5,5,5,5,1.0,1.0,1.0,1.0,1.0,1.0,1.0,1.0,1.0,SADE (train),"('link_flap', 'ospf_enterprise_dhcp', 's')"
claude-code-sade,claude-sonnet-4-6,link_failure,link_flap,ospf_enterprise_dhcp,m,412032438,287536,7903,1,36,0,130.52,5,5,4,5,5,5,1.0,1.0,1.0,1.0,1.0,1.0,1.0,1.0,1.0,SADE (train),"('link_flap', 'ospf_enterprise_dhcp', 'm')"
claude-code-sade,claude-sonnet-4-6,link_failure,link_flap,ospf_enterprise_dhcp,l,412032920,398202,9211,1,40,0,246.96,5,5,4,5,5,5,1.0,1.0,1.0,1.0,1.0,1.0,1.0,1.0,1.0,SADE (train),"('link_flap', 'ospf_enterprise_dhcp', 'l')"
claude-code-sade,claude-sonnet-4-6,link_failure,link_fragmentation_disabled,ospf_enterprise_dhcp,s,412033619,417349,8264,1,48,0,162.3,5,5,4,5,5,5,1.0,1.0,1.0,1.0,1.0,1.0,1.0,1.0,1.0,SADE (train),"('link_fragmentation_disabled', 'ospf_enterprise_dhcp', 's')"
claude-code-sade,claude-sonnet-4-6,link_failure,link_fragmentation_disabled,ospf_enterprise_dhcp,m,412034044,264173,6527,1,33,0,131.48,5,5,4,5,5,5,1.0,1.0,1.0,1.0,1.0,1.0,1.0,1.0,1.0,SADE (train),"('link_fragmentation_disabled', 'ospf_enterprise_dhcp', 'm')"
claude-code-sade,claude-sonnet-4-6,link_failure,link_fragmentation_disabled,ospf_enterprise_dhcp,l,412034525,550717,9157,1,45,0,234.37,5,4,4,5,5,4,-1.0,-1.0,-1.0,-1.0,-1.0,-1.0,-1.0,-1.0,-1.0,SADE (train),"('link_fragmentation_disabled', 'ospf_enterprise_dhcp', 'l')"
claude-code-sade,claude-sonnet-4-6,misconfiguration,arp_acl_block,ospf_enterprise_dhcp,s,412035210,281348,5556,1,34,0,108.86,5,5,5,5,5,5,1.0,1.0,1.0,1.0,1.0,1.0,1.0,1.0,1.0,SADE (train),"('arp_acl_block', 'ospf_enterprise_dhcp', 's')"
claude-code-sade,claude-sonnet-4-6,misconfiguration,arp_acl_block,ospf_enterprise_dhcp,m,412035538,221180,5387,1,32,0,100.65,5,5,5,5,5,5,1.0,1.0,1.0,1.0,1.0,1.0,1.0,1.0,1.0,SADE (train),"('arp_acl_block', 'ospf_enterprise_dhcp', 'm')"
claude-code-sade,claude-sonnet-4-6,misconfiguration,arp_acl_block,ospf_enterprise_dhcp,l,412035950,364922,6546,1,35,0,207.67,5,5,4,5,5,5,1.0,1.0,1.0,1.0,1.0,1.0,1.0,1.0,1.0,SADE (train),"('arp_acl_block', 'ospf_enterprise_dhcp', 'l')"
claude-code-sade,claude-sonnet-4-6,misconfiguration,dns_port_blocked,ospf_enterprise_dhcp,s,412040605,388716,6446,1,44,0,179.61,5,5,5,5,5,5,1.0,1.0,1.0,1.0,1.0,1.0,1.0,1.0,1.0,SADE (train),"('dns_port_blocked', 'ospf_enterprise_dhcp', 's')"
claude-code-sade,claude-sonnet-4-6,misconfiguration,dns_port_blocked,ospf_enterprise_dhcp,m,412041052,328221,5806,1,38,0,150.11,5,5,5,5,5,5,1.0,1.0,1.0,1.0,1.0,1.0,1.0,1.0,1.0,SADE (train),"('dns_port_blocked', 'ospf_enterprise_dhcp', 'm')"
claude-code-sade,claude-sonnet-4-6,misconfiguration,dns_port_blocked,ospf_enterprise_dhcp,l,412041558,430831,7426,1,48,0,304.54,5,5,4,5,5,5,1.0,1.0,1.0,1.0,1.0,1.0,1.0,1.0,1.0,SADE (train),"('dns_port_blocked', 'ospf_enterprise_dhcp', 'l')"
claude-code-sade,claude-sonnet-4-6,misconfiguration,http_acl_block,ospf_enterprise_dhcp,s,412042355,405830,7288,1,48,0,158.22,5,5,4,5,5,5,1.0,1.0,1.0,1.0,1.0,1.0,1.0,1.0,1.0,SADE (train),"('http_acl_block', 'ospf_enterprise_dhcp', 's')"
claude-code-sade,claude-sonnet-4-6,misconfiguration,http_acl_block,ospf_enterprise_dhcp,m,412042824,312691,7275,1,52,0,156.59,5,5,4,5,5,5,1.0,1.0,1.0,1.0,1.0,1.0,1.0,1.0,1.0,SADE (train),"('http_acl_block', 'ospf_enterprise_dhcp', 'm')"
claude-code-sade,claude-sonnet-4-6,misconfiguration,http_acl_block,ospf_enterprise_dhcp,l,412043329,293048,8168,1,45,0,272.06,5,5,4,5,5,5,1.0,1.0,1.0,1.0,1.0,1.0,1.0,1.0,1.0,SADE (train),"('http_acl_block', 'ospf_enterprise_dhcp', 'l')"
claude-code-sade,claude-sonnet-4-6,misconfiguration,icmp_acl_block,ospf_enterprise_dhcp,s,412044052,328399,6734,1,45,0,118.71,5,4,4,5,5,5,1.0,1.0,1.0,1.0,1.0,1.0,1.0,1.0,1.0,SADE (train),"('icmp_acl_block', 'ospf_enterprise_dhcp', 's')"
claude-code-sade,claude-sonnet-4-6,misconfiguration,icmp_acl_block,ospf_enterprise_dhcp,m,412044451,380246,7065,1,45,0,136.18,5,5,4,5,5,5,1.0,1.0,1.0,1.0,1.0,1.0,1.0,1.0,1.0,SADE (train),"('icmp_acl_block', 'ospf_enterprise_dhcp', 'm')"
claude-code-sade,claude-sonnet-4-6,misconfiguration,icmp_acl_block,ospf_enterprise_dhcp,l,412044943,498202,9598,1,51,0,280.12,5,5,4,5,5,5,1.0,1.0,1.0,1.0,1.0,1.0,1.0,1.0,1.0,SADE (train),"('icmp_acl_block', 'ospf_enterprise_dhcp', 'l')"
claude-code-sade,claude-sonnet-4-6,misconfiguration,ospf_acl_block,ospf_enterprise_dhcp,s,412045708,198189,6346,1,44,0,86.64,5,4,4,5,5,5,1.0,1.0,1.0,1.0,1.0,1.0,1.0,1.0,1.0,SADE (train),"('ospf_acl_block', 'ospf_enterprise_dhcp', 's')"
claude-code-sade,claude-sonnet-4-6,misconfiguration,ospf_acl_block,ospf_enterprise_dhcp,m,412050027,315755,10394,1,41,0,171.99,5,5,4,5,5,5,1.0,1.0,1.0,1.0,1.0,1.0,1.0,1.0,1.0,SADE (train),"('ospf_acl_block', 'ospf_enterprise_dhcp', 'm')"
claude-code-sade,claude-sonnet-4-6,misconfiguration,ospf_acl_block,ospf_enterprise_dhcp,l,412050602,561288,7934,1,50,0,241.02,5,5,4,5,5,5,-1.0,-1.0,-1.0,-1.0,-1.0,-1.0,-1.0,-1.0,-1.0,SADE (train),"('ospf_acl_block', 'ospf_enterprise_dhcp', 'l')"
claude-code-sade,claude-sonnet-4-6,misconfiguration,dhcp_missing_subnet,ospf_enterprise_dhcp,s,412051307,304108,6625,1,37,0,113.12,5,5,5,5,4,4,1.0,0.5,1.0,0.5,0.6667,1.0,1.0,1.0,1.0,SADE (train),"('dhcp_missing_subnet', 'ospf_enterprise_dhcp', 's')"
claude-code-sade,claude-sonnet-4-6,misconfiguration,dhcp_missing_subnet,ospf_enterprise_dhcp,m,412051700,419583,7176,1,40,0,122.34,5,4,4,5,3,4,1.0,0.5,1.0,0.5,0.6667,1.0,1.0,1.0,1.0,SADE (train),"('dhcp_missing_subnet', 'ospf_enterprise_dhcp', 'm')"
claude-code-sade,claude-sonnet-4-6,misconfiguration,dhcp_missing_subnet,ospf_enterprise_dhcp,l,412052146,655840,16273,1,57,0,367.76,5,4,3,5,3,4,-1.0,-1.0,-1.0,-1.0,-1.0,-1.0,-1.0,-1.0,-1.0,SADE (train),"('dhcp_missing_subnet', 'ospf_enterprise_dhcp', 'l')"
claude-code-sade,claude-sonnet-4-6,misconfiguration,mac_address_conflict,ospf_enterprise_dhcp,s,412053105,536338,29314,1,59,0,481.42,3,3,2,4,1,2,1.0,0.0,0.0,0.0,0.0,0.0,0.0,0.0,0.0,SADE (train),"('mac_address_conflict', 'ospf_enterprise_dhcp', 's')"
claude-code-sade,claude-sonnet-4-6,misconfiguration,mac_address_conflict,ospf_enterprise_dhcp,m,412054101,536159,16486,1,63,0,306.72,4,3,3,4,1,3,0.0,0.0,0.0,0.0,0.0,0.0,0.0,0.0,0.0,SADE (train),"('mac_address_conflict', 'ospf_enterprise_dhcp', 'm')"
claude-code-sade,claude-sonnet-4-6,misconfiguration,mac_address_conflict,ospf_enterprise_dhcp,l,412054914,578666,10148,1,60,0,306.26,4,3,2,4,1,2,0.0,0.0,0.0,0.0,0.0,0.0,0.0,0.0,0.0,SADE (train),"('mac_address_conflict', 'ospf_enterprise_dhcp', 'l')"
claude-code-sade,claude-sonnet-4-6,misconfiguration,ospf_area_misconfiguration,ospf_enterprise_dhcp,s,412055716,470423,12093,1,55,0,220.24,5,5,4,5,5,5,1.0,1.0,1.0,1.0,1.0,1.0,1.0,1.0,1.0,SADE (train),"('ospf_area_misconfiguration', 'ospf_enterprise_dhcp', 's')"
claude-code-sade,claude-sonnet-4-6,misconfiguration,ospf_area_misconfiguration,ospf_enterprise_dhcp,m,412060253,539570,10655,1,56,0,189.02,5,5,4,5,5,5,1.0,1.0,1.0,1.0,1.0,1.0,1.0,1.0,1.0,SADE (train),"('ospf_area_misconfiguration', 'ospf_enterprise_dhcp', 'm')"
claude-code-sade,claude-sonnet-4-6,misconfiguration,ospf_area_misconfiguration,ospf_enterprise_dhcp,l,412060842,599625,13241,1,59,0,378.91,4,4,3,5,1,2,0.0,0.0,0.0,0.0,0.0,0.0,0.0,0.0,0.0,SADE (train),"('ospf_area_misconfiguration', 'ospf_enterprise_dhcp', 'l')"
claude-code-sade,claude-sonnet-4-6,misconfiguration,ospf_neighbor_missing,ospf_enterprise_dhcp,s,412061809,543766,8350,1,56,0,144.41,5,4,3,5,2,3,1.0,1.0,1.0,1.0,1.0,0.0,0.0,0.0,0.0,SADE (train),"('ospf_neighbor_missing', 'ospf_enterprise_dhcp', 's')"
claude-code-sade,claude-sonnet-4-6,misconfiguration,ospf_neighbor_missing,ospf_enterprise_dhcp,m,412062230,489660,9537,1,62,0,164.4,5,4,3,5,2,3,1.0,1.0,1.0,1.0,1.0,0.0,0.0,0.0,0.0,SADE (train),"('ospf_neighbor_missing', 'ospf_enterprise_dhcp', 'm')"
claude-code-sade,claude-sonnet-4-6,misconfiguration,ospf_neighbor_missing,ospf_enterprise_dhcp,l,412062759,425508,11180,1,55,0,336.88,3,4,3,5,1,2,0.0,0.0,0.0,0.0,0.0,0.0,0.0,0.0,0.0,SADE (train),"('ospf_neighbor_missing', 'ospf_enterprise_dhcp', 'l')"
claude-code-sade,claude-sonnet-4-6,network_node_error,frr_service_down,ospf_enterprise_dhcp,s,412063637,432530,9264,1,51,0,140.17,5,5,4,5,5,5,1.0,1.0,1.0,1.0,1.0,1.0,1.0,1.0,1.0,SADE (train),"('frr_service_down', 'ospf_enterprise_dhcp', 's')"
claude-code-sade,claude-sonnet-4-6,network_node_error,frr_service_down,ospf_enterprise_dhcp,m,412064059,448463,11155,1,47,0,197.56,5,5,4,5,5,5,1.0,1.0,1.0,1.0,1.0,1.0,1.0,1.0,1.0,SADE (train),"('frr_service_down', 'ospf_enterprise_dhcp', 'm')"
claude-code-sade,claude-sonnet-4-6,network_node_error,frr_service_down,ospf_enterprise_dhcp,l,412064703,629372,13882,1,64,0,370.0,4,4,3,4,1,2,0.0,0.0,0.0,0.0,0.0,0.0,0.0,0.0,0.0,SADE (train),"('frr_service_down', 'ospf_enterprise_dhcp', 'l')"
claude-code-sade,claude-sonnet-4-6,network_under_attack,arp_cache_poisoning,ospf_enterprise_dhcp,s,412065620,232740,10168,1,40,0,149.77,5,5,4,5,5,5,1.0,1.0,1.0,1.0,1.0,1.0,1.0,1.0,1.0,SADE (train),"('arp_cache_poisoning', 'ospf_enterprise_dhcp', 's')"
claude-code-sade,claude-sonnet-4-6,network_under_attack,arp_cache_poisoning,ospf_enterprise_dhcp,m,412070035,274998,6933,1,33,0,122.29,5,5,5,5,5,5,1.0,1.0,1.0,1.0,1.0,1.0,1.0,1.0,1.0,SADE (train),"('arp_cache_poisoning', 'ospf_enterprise_dhcp', 'm')"
claude-code-sade,claude-sonnet-4-6,network_under_attack,arp_cache_poisoning,ospf_enterprise_dhcp,l,412070513,391212,11768,1,38,0,326.66,5,5,4,5,5,5,1.0,1.0,1.0,1.0,1.0,1.0,1.0,1.0,1.0,SADE (train),"('arp_cache_poisoning', 'ospf_enterprise_dhcp', 'l')"
claude-code-sade,claude-sonnet-4-6,network_under_attack,dhcp_spoofed_dns,ospf_enterprise_dhcp,s,412071337,334118,6828,1,40,0,135.32,5,5,5,5,3,4,1.0,0.5,1.0,0.5,0.6667,1.0,1.0,1.0,1.0,SADE (train),"('dhcp_spoofed_dns', 'ospf_enterprise_dhcp', 's')"
claude-code-sade,claude-sonnet-4-6,network_under_attack,dhcp_spoofed_dns,ospf_enterprise_dhcp,m,412071754,379513,7294,1,38,0,124.97,5,5,4,5,3,4,1.0,0.5,1.0,0.5,0.6667,1.0,1.0,1.0,1.0,SADE (train),"('dhcp_spoofed_dns', 'ospf_enterprise_dhcp', 'm')"
claude-code-sade,claude-sonnet-4-6,network_under_attack,dhcp_spoofed_dns,ospf_enterprise_dhcp,l,412072247,590104,13531,1,57,0,396.75,4,4,3,3,2,3,1.0,0.5,1.0,0.5,0.6667,0.0,0.0,0.0,0.0,SADE (train),"('dhcp_spoofed_dns', 'ospf_enterprise_dhcp', 'l')"
claude-code-sade,claude-sonnet-4-6,network_under_attack,dhcp_spoofed_gateway,ospf_enterprise_dhcp,s,412073244,457832,8874,1,52,0,176.29,5,5,4,5,3,4,1.0,0.5,1.0,0.5,0.6667,1.0,1.0,1.0,1.0,SADE (train),"('dhcp_spoofed_gateway', 'ospf_enterprise_dhcp', 's')"
claude-code-sade,claude-sonnet-4-6,network_under_attack,dhcp_spoofed_gateway,ospf_enterprise_dhcp,m,412073746,459758,11585,1,46,0,183.65,5,4,3,5,3,4,1.0,0.5,1.0,0.5,0.6667,1.0,1.0,1.0,1.0,SADE (train),"('dhcp_spoofed_gateway', 'ospf_enterprise_dhcp', 'm')"
claude-code-sade,claude-sonnet-4-6,network_under_attack,dhcp_spoofed_gateway,ospf_enterprise_dhcp,l,412074346,372301,10930,1,38,0,304.98,5,5,4,5,3,4,1.0,0.5,1.0,0.5,0.6667,1.0,1.0,1.0,1.0,SADE (train),"('dhcp_spoofed_gateway', 'ospf_enterprise_dhcp', 'l')"
claude-code-sade,claude-sonnet-4-6,network_under_attack,web_dos_attack,ospf_enterprise_dhcp,s,412075209,492806,11034,1,52,0,226.13,5,5,4,5,5,5,1.0,1.0,1.0,1.0,1.0,1.0,1.0,1.0,1.0,SADE (train),"('web_dos_attack', 'ospf_enterprise_dhcp', 's')"
claude-code-sade,claude-sonnet-4-6,network_under_attack,web_dos_attack,ospf_enterprise_dhcp,m,412075745,445186,23711,1,60,0,451.74,4,3,2,5,1,2,0.0,0.0,0.0,0.0,0.0,0.0,0.0,0.0,0.0,SADE (train),"('web_dos_attack', 'ospf_enterprise_dhcp', 'm')"
claude-code-sade,claude-sonnet-4-6,network_under_attack,web_dos_attack,ospf_enterprise_dhcp,l,412080805,372765,7909,1,49,0,278.21,5,5,4,5,5,5,1.0,1.0,1.0,1.0,1.0,1.0,1.0,1.0,1.0,SADE (train),"('web_dos_attack', 'ospf_enterprise_dhcp', 'l')"
claude-code-sade,claude-sonnet-4-6,resource_contention,incast_traffic_network_limitation,ospf_enterprise_dhcp,s,412081545,331747,6876,1,47,0,130.99,5,4,4,5,5,5,1.0,1.0,1.0,1.0,1.0,1.0,1.0,1.0,1.0,SADE (train),"('incast_traffic_network_limitation', 'ospf_enterprise_dhcp', 's')"
claude-code-sade,claude-sonnet-4-6,resource_contention,incast_traffic_network_limitation,ospf_enterprise_dhcp,m,412081958,343992,12906,1,45,0,234.94,5,5,4,5,5,5,1.0,1.0,1.0,1.0,1.0,1.0,1.0,1.0,1.0,SADE (train),"('incast_traffic_network_limitation', 'ospf_enterprise_dhcp', 'm')"
claude-code-sade,claude-sonnet-4-6,resource_contention,incast_traffic_network_limitation,ospf_enterprise_dhcp,l,412082646,282551,5605,1,64,0,304.08,5,5,3,5,5,4,1.0,1.0,1.0,1.0,1.0,1.0,1.0,1.0,1.0,SADE (train),"('incast_traffic_network_limitation', 'ospf_enterprise_dhcp', 'l')"
claude-code-sade,claude-sonnet-4-6,resource_contention,link_bandwidth_throttling,ospf_enterprise_dhcp,s,412083505,368625,11067,1,49,0,173.34,5,4,4,5,5,5,1.0,1.0,1.0,1.0,1.0,1.0,1.0,1.0,1.0,SADE (train),"('link_bandwidth_throttling', 'ospf_enterprise_dhcp', 's')"
claude-code-sade,claude-sonnet-4-6,resource_contention,link_bandwidth_throttling,ospf_enterprise_dhcp,m,412083958,294508,6286,1,35,0,124.0,5,5,5,5,5,5,1.0,1.0,1.0,1.0,1.0,1.0,1.0,1.0,1.0,SADE (train),"('link_bandwidth_throttling', 'ospf_enterprise_dhcp', 'm')"
claude-code-sade,claude-sonnet-4-6,resource_contention,link_bandwidth_throttling,ospf_enterprise_dhcp,l,412084454,304098,5895,1,39,0,198.96,5,5,4,5,5,5,1.0,1.0,1.0,1.0,1.0,1.0,1.0,1.0,1.0,SADE (train),"('link_bandwidth_throttling', 'ospf_enterprise_dhcp', 'l')"
claude-code-sade,claude-sonnet-4-6,resource_contention,link_high_packet_corruption,ospf_enterprise_dhcp,s,412085127,268168,4856,1,28,0,89.65,5,5,4,5,5,5,1.0,1.0,1.0,1.0,1.0,1.0,1.0,1.0,1.0,SADE (train),"('link_high_packet_corruption', 'ospf_enterprise_dhcp', 's')"
claude-code-sade,claude-sonnet-4-6,resource_contention,link_high_packet_corruption,ospf_enterprise_dhcp,m,412085443,328749,5486,1,37,0,109.65,5,4,4,5,5,5,1.0,1.0,1.0,1.0,1.0,1.0,1.0,1.0,1.0,SADE (train),"('link_high_packet_corruption', 'ospf_enterprise_dhcp', 'm')"
claude-code-sade,claude-sonnet-4-6,resource_contention,link_high_packet_corruption,ospf_enterprise_dhcp,l,412085913,430652,7624,1,50,0,232.68,5,5,4,5,5,5,1.0,1.0,1.0,1.0,1.0,1.0,1.0,1.0,1.0,SADE (train),"('link_high_packet_corruption', 'ospf_enterprise_dhcp', 'l')"
claude-code-sade,claude-sonnet-4-6,resource_contention,dns_lookup_latency,ospf_enterprise_dhcp,s,412090602,395918,11825,1,45,0,213.82,5,5,4,5,5,5,1.0,1.0,1.0,1.0,1.0,1.0,1.0,1.0,1.0,SADE (train),"('dns_lookup_latency', 'ospf_enterprise_dhcp', 's')"
claude-code-sade,claude-sonnet-4-6,resource_contention,dns_lookup_latency,ospf_enterprise_dhcp,m,412091125,401009,9621,1,45,0,195.47,5,5,5,5,5,5,1.0,1.0,1.0,1.0,1.0,1.0,1.0,1.0,1.0,SADE (train),"('dns_lookup_latency', 'ospf_enterprise_dhcp', 'm')"
claude-code-sade,claude-sonnet-4-6,resource_contention,dns_lookup_latency,ospf_enterprise_dhcp,l,412091724,393379,7682,1,48,0,259.79,5,4,4,5,5,5,1.0,1.0,1.0,1.0,1.0,1.0,1.0,1.0,1.0,SADE (train),"('dns_lookup_latency', 'ospf_enterprise_dhcp', 'l')"
claude-code-sade,claude-sonnet-4-6,resource_contention,load_balancer_overload,ospf_enterprise_dhcp,s,412092444,349090,7781,1,58,0,163.12,5,5,3,5,5,5,1.0,1.0,1.0,1.0,1.0,1.0,1.0,1.0,1.0,SADE (train),"('load_balancer_overload', 'ospf_enterprise_dhcp', 's')"
claude-code-sade,claude-sonnet-4-6,resource_contention,load_balancer_overload,ospf_enterprise_dhcp,m,412092915,314123,7969,1,54,0,200.12,5,5,4,5,5,5,1.0,1.0,1.0,1.0,1.0,1.0,1.0,1.0,1.0,SADE (train),"('load_balancer_overload', 'ospf_enterprise_dhcp', 'm')"
claude-code-sade,claude-sonnet-4-6,resource_contention,load_balancer_overload,ospf_enterprise_dhcp,l,412093605,381062,8878,1,58,0,279.75,5,5,4,5,5,5,1.0,1.0,1.0,1.0,1.0,1.0,1.0,1.0,1.0,SADE (train),"('load_balancer_overload', 'ospf_enterprise_dhcp', 'l')"
claude-code-sade,claude-sonnet-4-6,resource_contention,receiver_resource_contention,ospf_enterprise_dhcp,s,412094352,553399,19428,1,60,0,362.39,5,4,3,4,1,2,0.0,0.0,0.0,0.0,0.0,0.0,0.0,0.0,0.0,SADE (train),"('receiver_resource_contention', 'ospf_enterprise_dhcp', 's')"
claude-code-sade,claude-sonnet-4-6,resource_contention,receiver_resource_contention,ospf_enterprise_dhcp,m,412095210,467346,9841,1,56,0,196.19,5,4,3,5,1,2,0.0,0.0,0.0,0.0,0.0,0.0,0.0,0.0,0.0,SADE (train),"('receiver_resource_contention', 'ospf_enterprise_dhcp', 'm')"
claude-code-sade,claude-sonnet-4-6,resource_contention,receiver_resource_contention,ospf_enterprise_dhcp,l,412095830,478140,12474,1,59,0,409.8,5,4,3,5,1,3,0.0,0.0,0.0,0.0,0.0,0.0,0.0,0.0,0.0,SADE (train),"('receiver_resource_contention', 'ospf_enterprise_dhcp', 'l')"
claude-code-sade,claude-sonnet-4-6,resource_contention,sender_application_delay,ospf_enterprise_dhcp,s,412100828,361008,9089,1,53,0,196.61,5,5,4,5,5,5,1.0,1.0,1.0,1.0,1.0,1.0,1.0,1.0,1.0,SADE (train),"('sender_application_delay', 'ospf_enterprise_dhcp', 's')"
claude-code-sade,claude-sonnet-4-6,resource_contention,sender_application_delay,ospf_enterprise_dhcp,m,412101332,454248,18625,1,56,0,332.01,5,4,4,5,5,5,1.0,1.0,1.0,1.0,1.0,1.0,1.0,1.0,1.0,SADE (train),"('sender_application_delay', 'ospf_enterprise_dhcp', 'm')"
claude-code-sade,claude-sonnet-4-6,resource_contention,sender_application_delay,ospf_enterprise_dhcp,l,412102154,393966,6713,1,40,0,227.07,5,5,4,5,5,5,1.0,1.0,1.0,1.0,1.0,1.0,1.0,1.0,1.0,SADE (train),"('sender_application_delay', 'ospf_enterprise_dhcp', 'l')"
claude-code-sade,claude-sonnet-4-6,resource_contention,sender_resource_contention,ospf_enterprise_dhcp,s,412102854,314507,7779,1,51,0,134.37,5,5,4,5,5,5,1.0,1.0,1.0,1.0,1.0,1.0,1.0,1.0,1.0,SADE (train),"('sender_resource_contention', 'ospf_enterprise_dhcp', 's')"
claude-code-sade,claude-sonnet-4-6,resource_contention,sender_resource_contention,ospf_enterprise_dhcp,m,412103255,372368,7853,1,48,0,262.41,5,5,4,5,5,5,1.0,1.0,1.0,1.0,1.0,1.0,1.0,1.0,1.0,SADE (train),"('sender_resource_contention', 'ospf_enterprise_dhcp', 'm')"
claude-code-sade,claude-sonnet-4-6,resource_contention,sender_resource_contention,ospf_enterprise_dhcp,l,412114651,538465,14513,1,59,0,421.22,5,5,4,5,5,5,1.0,1.0,1.0,1.0,1.0,1.0,1.0,1.0,1.0,SADE (train),"('sender_resource_contention', 'ospf_enterprise_dhcp', 'l')"
